id,datetime,lat,lon,geom
26321,03/05/2024 10:00:43,63.440696,10.349129,0101000020E61000009D2B4A09C1B224402FBDFDB968B84F40
26320,03/05/2024 10:01:43,63.440701,10.349091,0101000020E6100000E7A7380EBCB224404128EFE368B84F40
26319,03/05/2024 10:02:44,63.44073,10.349115,0101000020E610000009168733BFB22440DB2E34D769B84F40
26318,03/05/2024 10:03:45,63.440722,10.349139,0101000020E61000002B84D558C2B224405850189469B84F40
26317,03/05/2024 10:04:45,63.44075,10.34901,0101000020E610000034F44F70B1B2244022DBF97E6AB84F40
26316,03/05/2024 10:05:46,63.440729,10.349084,0101000020E61000001D1D5723BBB224400BB3D0CE69B84F40
26315,03/05/2024 10:06:46,63.440716,10.349073,0101000020E61000004DD53DB2B9B224407669C36169B84F40
26314,03/05/2024 10:07:47,63.440709,10.348956,0101000020E6100000677C5F5CAAB22440C4060B2769B84F40
26313,03/05/2024 10:08:48,63.4406,10.349049,0101000020E61000002B67EF8CB6B224400D4FAF9465B84F40
26312,03/05/2024 10:09:49,63.440549,10.349255,0101000020E6100000D0ED258DD1B224408BA4DDE863B84F40
26311,03/05/2024 10:10:49,63.440667,10.34913,0101000020E6100000DE1AD82AC1B2244095B6B8C667B84F40
26310,03/05/2024 10:11:49,63.440756,10.349036,0101000020E6100000D940BAD8B4B2244005C24EB16AB84F40
26309,03/05/2024 10:12:50,63.440722,10.349108,0101000020E61000003F8BA548BEB224405850189469B84F40
26308,03/05/2024 10:13:50,63.44081,10.348981,0101000020E6100000CBD93BA3ADB22440F8DF4A766CB84F40
26307,03/05/2024 10:14:50,63.440797,10.348846,0101000020E61000004BAE62F19BB2244063963D096CB84F40
26306,03/05/2024 10:15:51,63.440784,10.348927,0101000020E6100000FE614B8FA6B22440CE4C309C6BB84F40
26305,03/05/2024 10:16:52,63.440673,10.349046,0101000020E610000067994528B6B22440779D0DF967B84F40
26304,03/05/2024 10:17:52,63.440807,10.348872,0101000020E6100000F0FACC599FB22440876C205D6CB84F40
26303,03/05/2024 10:18:53,63.440745,10.349082,0101000020E61000009A3E3BE0BAB22440117008556AB84F40
26302,03/05/2024 10:19:54,63.440742,10.349165,0101000020E6100000D0D03FC1C5B22440A0FCDD3B6AB84F40
26301,03/05/2024 10:20:28,63.440735,10.349126,0101000020E6100000D95DA0A4C0B22440ED9925016AB84F40
26300,03/05/2024 10:20:29,63.440736,10.349121,0101000020E610000092B1DAFCBFB22440BD1589096AB84F40
26299,03/05/2024 10:20:30,63.440739,10.349118,0101000020E6100000CDE33098BFB224402F89B3226AB84F40
26298,03/05/2024 10:20:32,63.440738,10.349123,0101000020E61000001490F63FC0B224405E0D501A6AB84F40
26297,03/05/2024 10:20:33,63.440743,10.349108,0101000020E61000003F8BA548BEB22440707841446AB84F40
26296,03/05/2024 10:20:34,63.440748,10.349104,0101000020E610000039CE6DC2BDB2244082E3326E6AB84F40
26295,03/05/2024 10:20:35,63.44075,10.349103,0101000020E6100000F8DEDFA0BDB2244022DBF97E6AB84F40
26294,03/05/2024 10:20:36,63.440756,10.349102,0101000020E6100000B7EF517FBDB2244005C24EB16AB84F40
26293,03/05/2024 10:20:52,63.440807,10.349181,0101000020E6100000E7C41EDAC7B22440876C205D6CB84F40
26292,03/05/2024 10:20:53,63.440809,10.349205,0101000020E610000009336DFFCAB224402764E76D6CB84F40
26291,03/05/2024 10:20:54,63.44081,10.349214,0101000020E6100000569C6A2DCCB22440F8DF4A766CB84F40
26290,03/05/2024 10:20:55,63.440811,10.349219,0101000020E61000009D4830D5CCB22440C85BAE7E6CB84F40
26289,03/05/2024 10:20:56,63.440816,10.349221,0101000020E610000020274C18CDB22440DAC69FA86CB84F40
26288,03/05/2024 10:20:57,63.440818,10.34923,0101000020E61000006D904946CEB224407BBE66B96CB84F40
26287,03/05/2024 10:20:58,63.44082,10.349258,0101000020E610000094BBCFF1D1B224401BB62DCA6CB84F40
26286,03/05/2024 10:20:59,63.440823,10.349271,0101000020E6100000E7E104A6D3B224408C2958E36CB84F40
26285,03/05/2024 10:21:00,63.440826,10.349284,0101000020E610000039083A5AD5B22440FD9C82FC6CB84F40
26284,03/05/2024 10:21:01,63.440832,10.349296,0101000020E61000004A3FE1ECD6B22440E083D72E6DB84F40
26283,03/05/2024 10:21:02,63.440835,10.349313,0101000020E6100000A2224E27D9B2244051F701486DB84F40
26282,03/05/2024 10:21:03,63.440836,10.349331,0101000020E61000003CF54883DBB22440217365506DB84F40
26281,03/05/2024 10:21:04,63.440834,10.349346,0101000020E610000011FA997ADDB22440807B9E3F6DB84F40
26280,03/05/2024 10:21:05,63.440831,10.349366,0101000020E61000002EABB019E0B224400F0874266DB84F40
26279,03/05/2024 10:21:06,63.440829,10.349387,0101000020E61000008C4B55DAE2B224406E10AD156DB84F40
26278,03/05/2024 10:21:08,63.440828,10.349402,0101000020E61000006150A6D1E4B224409E94490D6DB84F40
26277,03/05/2024 10:21:09,63.440829,10.349408,0101000020E6100000EAEBF99AE5B224406E10AD156DB84F40
26276,03/05/2024 10:21:10,63.440826,10.349418,0101000020E6100000784485EAE6B22440FD9C82FC6CB84F40
26275,03/05/2024 10:21:12,63.440827,10.349426,0101000020E610000083BEF4F6E7B22440CE18E6046DB84F40
26274,03/05/2024 10:21:18,63.440816,10.349499,0101000020E61000002BF86D88F1B22440DAC69FA86CB84F40
26273,03/05/2024 10:21:19,63.440812,10.349508,0101000020E610000078616BB6F2B2244098D711876CB84F40
26272,03/05/2024 10:21:20,63.440807,10.349517,0101000020E6100000C4CA68E4F3B22440876C205D6CB84F40
26271,03/05/2024 10:21:21,63.440804,10.349518,0101000020E610000006BAF605F4B2244016F9F5436CB84F40
26270,03/05/2024 10:21:22,63.4408,10.349519,0101000020E610000047A98427F4B22440D40968226CB84F40
26269,03/05/2024 10:21:23,63.440796,10.349528,0101000020E610000094128255F5B22440931ADA006CB84F40
26268,03/05/2024 10:21:24,63.440795,10.349529,0101000020E6100000D5011077F5B22440C29E76F86BB84F40
26267,03/05/2024 10:21:25,63.440792,10.349541,0101000020E6100000E738B709F7B22440512B4CDF6BB84F40
26266,03/05/2024 10:21:26,63.440793,10.349552,0101000020E6100000B680D07AF8B2244022A7AFE76BB84F40
26265,03/05/2024 10:21:29,63.440795,10.349567,0101000020E61000008C852172FAB22440C29E76F86BB84F40
26264,03/05/2024 10:21:31,63.440802,10.349569,0101000020E61000000E643DB5FAB2244075012F336CB84F40
26263,03/05/2024 10:21:32,63.440804,10.349567,0101000020E61000008C852172FAB2244016F9F5436CB84F40
26262,03/05/2024 10:21:33,63.440805,10.349573,0101000020E61000001421753BFBB22440E674594C6CB84F40
26261,03/05/2024 10:21:34,63.440809,10.349574,0101000020E61000005510035DFBB224402764E76D6CB84F40
26260,03/05/2024 10:21:35,63.440808,10.349579,0101000020E61000009DBCC804FCB2244057E883656CB84F40
26259,03/05/2024 10:21:36,63.44081,10.349577,0101000020E61000001ADEACC1FBB22440F8DF4A766CB84F40
26258,03/05/2024 10:21:37,63.440808,10.349587,0101000020E6100000A8363811FDB2244057E883656CB84F40
26257,03/05/2024 10:21:38,63.440815,10.349596,0101000020E6100000F59F353FFEB224400A4B3CA06CB84F40
26256,03/05/2024 10:21:39,63.44082,10.349606,0101000020E610000083F8C08EFFB224401BB62DCA6CB84F40
26255,03/05/2024 10:21:40,63.440822,10.349628,0101000020E61000002288F37002B32440BCADF4DA6CB84F40
26254,03/05/2024 10:21:41,63.440827,10.349636,0101000020E61000002E02637D03B32440CE18E6046DB84F40
26253,03/05/2024 10:21:43,63.440834,10.34965,0101000020E6100000C117265305B32440807B9E3F6DB84F40
26252,03/05/2024 10:21:43,63.440841,10.349665,0101000020E6100000971C774A07B3244033DE567A6DB84F40
26251,03/05/2024 10:21:44,63.44085,10.34968,0101000020E61000006C21C84109B324408638D6C56DB84F40
26250,03/05/2024 10:21:46,63.440857,10.349701,0101000020E6100000CAC16C020CB32440389B8E006EB84F40
26249,03/05/2024 10:21:47,63.440867,10.349712,0101000020E61000009A0986730DB324405C7171546EB84F40
26248,03/05/2024 10:21:48,63.440876,10.349714,0101000020E61000001CE8A1B60DB32440AFCBF09F6EB84F40
26247,03/05/2024 10:21:49,63.440885,10.349727,0101000020E61000006F0ED76A0FB32440022670EB6EB84F40
26246,03/05/2024 10:22:11,63.441023,10.350128,0101000020E6100000E9D32AFA43B3244053E4107173B84F40
26245,03/05/2024 10:22:12,63.441029,10.350131,0101000020E6100000ADA1D45E44B3244036CB65A373B84F40
26244,03/05/2024 10:22:13,63.441035,10.350151,0101000020E6100000CA52EBFD46B3244018B2BAD573B84F40
26243,03/05/2024 10:22:14,63.441041,10.350183,0101000020E6100000F73AA92F4BB32440FA980F0874B84F40
26242,03/05/2024 10:22:15,63.441048,10.350203,0101000020E610000013ECBFCE4DB32440ACFBC74274B84F40
26241,03/05/2024 10:22:16,63.441056,10.350213,0101000020E6100000A2444B1E4FB324402FDAE38574B84F40
26240,03/05/2024 10:22:17,63.441064,10.350223,0101000020E6100000309DD66D50B32440B2B8FFC874B84F40
26239,03/05/2024 10:22:18,63.441073,10.350241,0101000020E6100000C96FD1C952B3244005137F1475B84F40
26238,03/05/2024 10:22:19,63.441078,10.350258,0101000020E610000022533E0455B32440177E703E75B84F40
26237,03/05/2024 10:22:20,63.441086,10.350282,0101000020E610000044C18C2958B324409A5C8C8175B84F40
26236,03/05/2024 10:22:21,63.44109,10.350303,0101000020E6100000A26131EA5AB32440DB4B1AA375B84F40
26235,03/05/2024 10:22:22,63.4411,10.350335,0101000020E6100000CF49EF1B5FB32440FF21FDF675B84F40
26234,03/05/2024 10:22:23,63.441104,10.350367,0101000020E6100000FD31AD4D63B3244040118B1876B84F40
26233,03/05/2024 10:22:25,63.441101,10.350428,0101000020E610000093347F4C6BB32440CF9D60FF75B84F40
26232,03/05/2024 10:22:26,63.441094,10.35048,0101000020E6100000DDCD531D72B324401D3BA8C475B84F40
26231,03/05/2024 10:22:28,63.441089,10.350509,0101000020E610000046E867EA75B324400BD0B69A75B84F40
26230,03/05/2024 10:22:29,63.441083,10.350539,0101000020E6100000F1F109D979B3244029E9616875B84F40
26229,03/05/2024 10:22:30,63.441077,10.350568,0101000020E61000005A0C1EA67DB3244047020D3675B84F40
26228,03/05/2024 10:22:31,63.441071,10.350594,0101000020E6100000FF58880E81B32440641BB80375B84F40
26227,03/05/2024 10:22:32,63.441062,10.35063,0101000020E610000032FE7DC685B3244011C138B874B84F40
26226,03/05/2024 10:22:33,63.441054,10.350664,0101000020E6100000E3C4573B8AB324408EE21C7574B84F40
26225,03/05/2024 10:22:34,63.441046,10.35069,0101000020E61000008811C2A38DB324400C04013274B84F40
26224,03/05/2024 10:22:35,63.441037,10.35071,0101000020E6100000A4C2D84290B32440B8A981E673B84F40
26223,03/05/2024 10:22:36,63.441026,10.350739,0101000020E61000000DDDEC0F94B32440C4573B8A73B84F40
26222,03/05/2024 10:22:37,63.441015,10.350765,0101000020E6100000B229577897B32440D105F52D73B84F40
26221,03/05/2024 10:22:38,63.441004,10.350787,0101000020E610000052B9895A9AB32440DDB3AED172B84F40
26220,03/05/2024 10:22:39,63.440993,10.350814,0101000020E610000038F581E49DB32440E961687572B84F40
26219,03/05/2024 10:22:40,63.44098,10.350842,0101000020E610000060200890A1B3244054185B0872B84F40
26218,03/05/2024 10:22:41,63.440965,10.350863,0101000020E6100000BEC0AC50A4B324401FD7868A71B84F40
26217,03/05/2024 10:22:42,63.440952,10.350882,0101000020E6100000998235CEA6B324408A8D791D71B84F40
26216,03/05/2024 10:22:43,63.440936,10.3509,0101000020E61000003255302AA9B3244085D0419770B84F40
26215,03/05/2024 10:22:44,63.440919,10.350918,0101000020E6100000CC272B86ABB32440AE97A60870B84F40
26214,03/05/2024 10:22:46,63.440888,10.350961,0101000020E6100000C9570229B1B3244073999A046FB84F40
26213,03/05/2024 10:22:47,63.440874,10.350973,0101000020E6100000DA8EA9BBB2B324400ED4298F6EB84F40
26212,03/05/2024 10:22:48,63.440861,10.350989,0101000020E6100000F18288D4B4B324407A8A1C226EB84F40
26211,03/05/2024 10:22:49,63.440849,10.351005,0101000020E6100000077767EDB6B32440B6BC72BD6DB84F40
26210,03/05/2024 10:22:50,63.440836,10.351026,0101000020E610000065170CAEB9B32440217365506DB84F40
26209,03/05/2024 10:22:51,63.440823,10.351044,0101000020E6100000FFE9060ABCB324408C2958E36CB84F40
26208,03/05/2024 10:22:52,63.440811,10.351057,0101000020E610000051103CBEBDB32440C85BAE7E6CB84F40
26207,03/05/2024 10:22:56,63.440761,10.351116,0101000020E61000006534F279C5B32440162D40DB6AB84F40
26206,03/05/2024 10:22:57,63.440752,10.35113,0101000020E6100000F949B54FC7B32440C3D2C08F6AB84F40
26205,03/05/2024 10:23:04,63.440706,10.351225,0101000020E6100000401361C3D3B324405393E00D69B84F40
26204,03/05/2024 10:23:05,63.440701,10.351239,0101000020E6100000D4282499D5B324404128EFE368B84F40
26203,03/05/2024 10:23:06,63.440696,10.351248,0101000020E6100000219221C7D6B324402FBDFDB968B84F40
26202,03/05/2024 10:23:08,63.440693,10.351258,0101000020E6100000AFEAAC16D8B32440BE49D3A068B84F40
26201,03/05/2024 10:23:09,63.440691,10.351264,0101000020E6100000378600E0D8B324401D520C9068B84F40
26200,03/05/2024 10:23:10,63.440687,10.351277,0101000020E61000008AAC3594DAB32440DC627E6E68B84F40
26199,03/05/2024 10:23:11,63.440684,10.351289,0101000020E61000009BE3DC26DCB324406BEF535568B84F40
26198,03/05/2024 10:23:12,63.440681,10.351299,0101000020E6100000293C6876DDB32440FA7B293C68B84F40
26197,03/05/2024 10:23:13,63.440669,10.351335,0101000020E61000005CE15D2EE2B3244036AE7FD767B84F40
26196,03/05/2024 10:23:14,63.440661,10.351364,0101000020E6100000C6FB71FBE5B32440B3CF639467B84F40
26195,03/05/2024 10:23:15,63.440652,10.351397,0101000020E610000035D3BD4EEAB324406075E44867B84F40
26194,03/05/2024 10:23:16,63.440644,10.351429,0101000020E610000062BB7B80EEB32440DD96C80567B84F40
26193,03/05/2024 10:23:17,63.440638,10.351453,0101000020E61000008429CAA5F1B32440FBAF73D366B84F40
26192,03/05/2024 10:23:18,63.440633,10.351478,0101000020E6100000E886A6ECF4B32440E94482A966B84F40
26191,03/05/2024 10:23:24,63.440587,10.351684,0101000020E61000008C0DDDEC0FB424407805A22765B84F40
26190,03/05/2024 10:23:25,63.440581,10.351717,0101000020E6100000FBE4284014B42440961E4DF564B84F40
26189,03/05/2024 10:23:27,63.440576,10.351754,0101000020E61000007079AC1919B4244085B35BCB64B84F40
26188,03/05/2024 10:23:28,63.440571,10.351785,0101000020E61000005C72DC291DB4244073486AA164B84F40
26187,03/05/2024 10:23:29,63.440567,10.351808,0101000020E61000003DF19C2D20B424403159DC7F64B84F40
26186,03/05/2024 10:23:30,63.440563,10.351833,0101000020E6100000A04E797423B42440F0694E5E64B84F40
26185,03/05/2024 10:23:31,63.440558,10.35186,0101000020E6100000878A71FE26B42440DEFE5C3464B84F40
26184,03/05/2024 10:23:32,63.440555,10.351886,0101000020E61000002CD7DB662AB424406D8B321B64B84F40
26183,03/05/2024 10:24:33,63.44067,10.352169,0101000020E61000007E54C37E4FB42440062AE3DF67B84F40
26182,03/05/2024 10:25:33,63.440727,10.352207,0101000020E610000034D8D47954B424406ABB09BE69B84F40
26181,03/05/2024 10:26:34,63.44083,10.352155,0101000020E6100000EA3E00A94DB424403F8C101E6DB84F40
26180,03/05/2024 10:27:34,63.440918,10.352025,0101000020E6100000B1BFEC9E3CB42440DE1B430070B84F40
26179,03/05/2024 10:27:37,63.440926,10.352023,0101000020E61000002EE1D05B3CB4244061FA5E4370B84F40
26178,03/05/2024 10:27:38,63.440928,10.352021,0101000020E6100000AB02B5183CB4244002F2255470B84F40
26177,03/05/2024 10:27:39,63.44093,10.352014,0101000020E6100000E177D32D3BB42440A2E9EC6470B84F40
26176,03/05/2024 10:27:40,63.440929,10.352013,0101000020E6100000A088450C3BB42440D26D895C70B84F40
26175,03/05/2024 10:27:41,63.440932,10.352001,0101000020E61000008F519E7939B4244043E1B37570B84F40
26174,03/05/2024 10:27:42,63.440937,10.35198,0101000020E610000031B1F9B836B42440554CA59F70B84F40
26173,03/05/2024 10:27:44,63.440936,10.351973,0101000020E6100000672618CE35B4244085D0419770B84F40
26172,03/05/2024 10:27:46,63.440932,10.351972,0101000020E610000026378AAC35B4244043E1B37570B84F40
26171,03/05/2024 10:27:47,63.440928,10.351968,0101000020E6100000207A522635B4244002F2255470B84F40
26170,03/05/2024 10:27:49,63.440922,10.351967,0101000020E6100000DF8AC40435B42440200BD12170B84F40
26169,03/05/2024 10:27:50,63.440916,10.351952,0101000020E61000000986730D33B424403D247CEF6FB84F40
26168,03/05/2024 10:27:51,63.440911,10.351947,0101000020E6100000C2D9AD6532B424402CB98AC56FB84F40
26167,03/05/2024 10:27:52,63.440908,10.351941,0101000020E61000003A3E5A9C31B42440BB4560AC6FB84F40
26166,03/05/2024 10:27:53,63.440904,10.351944,0101000020E6100000FE0B040132B424407956D28A6FB84F40
26165,03/05/2024 10:27:54,63.440898,10.351941,0101000020E61000003A3E5A9C31B42440976F7D586FB84F40
26164,03/05/2024 10:27:55,63.440894,10.351945,0101000020E61000003FFB912232B424405680EF366FB84F40
26163,03/05/2024 10:27:56,63.440889,10.35194,0101000020E6100000F84ECC7A31B424404415FE0C6FB84F40
26162,03/05/2024 10:27:58,63.440883,10.351916,0101000020E6100000D6E07D552EB42440622EA9DA6EB84F40
26161,03/05/2024 10:28:00,63.44087,10.351922,0101000020E61000005F7CD11E2FB42440CDE49B6D6EB84F40
26160,03/05/2024 10:28:02,63.440866,10.351929,0101000020E61000002907B30930B424408CF50D4C6EB84F40
26159,03/05/2024 10:28:02,63.440861,10.351945,0101000020E61000003FFB912232B424407A8A1C226EB84F40
26158,03/05/2024 10:28:04,63.440851,10.351949,0101000020E610000045B8C9A832B4244056B439CE6DB84F40
26157,03/05/2024 10:28:05,63.440848,10.351954,0101000020E61000008C648F5033B42440E5400FB56DB84F40
26156,03/05/2024 10:28:06,63.440846,10.351958,0101000020E61000009221C7D633B42440454948A46DB84F40
26155,03/05/2024 10:28:07,63.440845,10.351965,0101000020E61000005CACA8C134B4244074CDE49B6DB84F40
26154,03/05/2024 10:28:08,63.440843,10.351979,0101000020E6100000F0C16B9736B42440D3D51D8B6DB84F40
26153,03/05/2024 10:28:09,63.440837,10.352008,0101000020E610000059DC7F643AB42440F1EEC8586DB84F40
26152,03/05/2024 10:28:10,63.440834,10.352042,0101000020E610000009A359D93EB42440807B9E3F6DB84F40
26151,03/05/2024 10:28:11,63.440833,10.352076,0101000020E6100000BA69334E43B42440B0FF3A376DB84F40
26150,03/05/2024 10:28:12,63.440835,10.352099,0101000020E61000009AE8F35146B4244051F701486DB84F40
26149,03/05/2024 10:28:13,63.440839,10.352133,0101000020E61000004BAFCDC64AB4244092E68F696DB84F40
26148,03/05/2024 10:28:14,63.440842,10.352157,0101000020E61000006D1D1CEC4DB42440035ABA826DB84F40
26147,03/05/2024 10:28:15,63.440848,10.352176,0101000020E610000048DFA46950B42440E5400FB56DB84F40
26146,03/05/2024 10:28:16,63.440851,10.352187,0101000020E61000001727BEDA51B4244056B439CE6DB84F40
26145,03/05/2024 10:28:17,63.440854,10.35221,0101000020E6100000F8A57EDE54B42440C72764E76DB84F40
26144,03/05/2024 10:28:19,63.440853,10.352257,0101000020E6100000FB928D075BB42440F7AB00DF6DB84F40
26143,03/05/2024 10:28:20,63.440851,10.352274,0101000020E61000005376FA415DB4244056B439CE6DB84F40
26142,03/05/2024 10:28:24,63.44085,10.352334,0101000020E6100000A8893E1F65B424408638D6C56DB84F40
26141,03/05/2024 10:28:25,63.440852,10.352354,0101000020E6100000C53A55BE67B4244027309DD66DB84F40
26140,03/05/2024 10:28:26,63.440847,10.352373,0101000020E6100000A0FCDD3B6AB4244015C5ABAC6DB84F40
26139,03/05/2024 10:28:27,63.440844,10.352393,0101000020E6100000BCADF4DA6CB42440A45181936DB84F40
26138,03/05/2024 10:28:28,63.440838,10.352441,0101000020E6100000008A912573B42440C26A2C616DB84F40
26137,03/05/2024 10:28:29,63.440841,10.35247,0101000020E61000006AA4A5F276B4244033DE567A6DB84F40
26136,03/05/2024 10:28:31,63.440848,10.352509,0101000020E61000006117450F7CB42440E5400FB56DB84F40
26135,03/05/2024 10:28:32,63.440852,10.352525,0101000020E6100000780B24287EB4244027309DD66DB84F40
26134,03/05/2024 10:28:33,63.440858,10.352548,0101000020E6100000588AE42B81B424400917F2086EB84F40
26133,03/05/2024 10:28:34,63.440862,10.352573,0101000020E6100000BCE7C07284B424404A06802A6EB84F40
26132,03/05/2024 10:28:35,63.440865,10.352597,0101000020E6100000DE550F9887B42440BB79AA436EB84F40
26131,03/05/2024 10:28:37,63.440866,10.352654,0101000020E61000006F9BA9108FB424408CF50D4C6EB84F40
26130,03/05/2024 10:28:39,63.440865,10.352712,0101000020E610000042D0D1AA96B42440BB79AA436EB84F40
26129,03/05/2024 10:28:42,63.440866,10.352767,0101000020E6100000503750E09DB424408CF50D4C6EB84F40
26128,03/05/2024 10:28:43,63.440864,10.352785,0101000020E6100000E9094B3CA0B42440EBFD463B6EB84F40
26127,03/05/2024 10:28:44,63.440859,10.352822,0101000020E61000005E9ECE15A5B42440D99255116EB84F40
26126,03/05/2024 10:28:45,63.440853,10.352863,0101000020E6100000D8EF8975AAB42440F7AB00DF6DB84F40
26125,03/05/2024 10:28:46,63.44085,10.352893,0101000020E610000083F92B64AEB424408638D6C56DB84F40
26124,03/05/2024 10:28:47,63.440844,10.35293,0101000020E6100000F78DAF3DB3B42440A45181936DB84F40
26123,03/05/2024 10:28:48,63.440833,10.352991,0101000020E61000008E90813CBBB42440B0FF3A376DB84F40
26122,03/05/2024 10:28:49,63.440827,10.353022,0101000020E61000007A89B14CBFB42440CE18E6046DB84F40
26121,03/05/2024 10:28:50,63.440821,10.353049,0101000020E610000061C5A9D6C2B42440EC3191D26CB84F40
26120,03/05/2024 10:28:51,63.440813,10.353079,0101000020E61000000BCF4BC5C6B424406953758F6CB84F40
26119,03/05/2024 10:28:52,63.440803,10.353107,0101000020E610000033FAD170CAB42440457D923B6CB84F40
26118,03/05/2024 10:28:53,63.440799,10.353123,0101000020E61000004AEEB089CCB42440048E041A6CB84F40
26117,03/05/2024 10:28:54,63.440788,10.353148,0101000020E6100000AD4B8DD0CFB42440103CBEBD6BB84F40
26116,03/05/2024 10:28:55,63.440769,10.353196,0101000020E6100000F1272A1BD6B42440990B5C1E6BB84F40
26115,03/05/2024 10:28:56,63.440741,10.353243,0101000020E6100000F4143944DCB42440CF807A336AB84F40
26114,03/05/2024 10:28:57,63.440722,10.353279,0101000020E610000027BA2EFCE0B424405850189469B84F40
26113,03/05/2024 10:28:58,63.440706,10.353311,0101000020E610000055A2EC2DE5B424405393E00D69B84F40
26112,03/05/2024 10:28:59,63.440692,10.353344,0101000020E6100000C4793881E9B42440EECD6F9868B84F40
26111,03/05/2024 10:29:01,63.440677,10.353384,0101000020E6100000FDDB65BFEEB42440B88C9B1A68B84F40
26110,03/05/2024 10:29:02,63.440663,10.35342,0101000020E610000030815B77F3B4244053C72AA567B84F40
26109,03/05/2024 10:29:03,63.440649,10.353454,0101000020E6100000E04735ECF7B42440EF01BA2F67B84F40
26108,03/05/2024 10:29:04,63.440634,10.353492,0101000020E610000096CB46E7FCB42440B9C0E5B166B84F40
26107,03/05/2024 10:29:05,63.440621,10.353525,0101000020E610000005A3923A01B524402577D84466B84F40
26106,03/05/2024 10:29:06,63.440608,10.353554,0101000020E61000006EBDA60705B52440902DCBD765B84F40
26105,03/05/2024 10:29:07,63.440584,10.353612,0101000020E610000041F2CEA10CB524400792770E65B84F40
26104,03/05/2024 10:29:08,63.440567,10.35365,0101000020E6100000F775E09C11B524403159DC7F64B84F40
26103,03/05/2024 10:29:09,63.440548,10.353698,0101000020E61000003B527DE717B52440BB287AE063B84F40
26102,03/05/2024 10:29:10,63.440531,10.35373,0101000020E6100000683A3B191CB52440E5EFDE5163B84F40
26101,03/05/2024 10:29:11,63.440515,10.353755,0101000020E6100000CC9717601FB52440DF32A7CB62B84F40
26100,03/05/2024 10:29:12,63.440499,10.35378,0101000020E61000002FF5F3A622B52440D9756F4562B84F40
26099,03/05/2024 10:29:13,63.440485,10.353799,0101000020E61000000BB77C2425B5244074B0FECF61B84F40
26098,03/05/2024 10:29:14,63.440471,10.353813,0101000020E61000009ECC3FFA26B524400FEB8D5A61B84F40
26097,03/05/2024 10:29:15,63.440457,10.35383,0101000020E6100000F7AFAC3429B52440AA251DE560B84F40
26096,03/05/2024 10:29:16,63.440444,10.353838,0101000020E6100000022A1C412AB5244016DC0F7860B84F40
26095,03/05/2024 10:29:17,63.440428,10.353843,0101000020E610000049D6E1E82AB52440101FD8F15FB84F40
26094,03/05/2024 10:29:18,63.440414,10.353845,0101000020E6100000CCB4FD2B2BB52440AB59677C5FB84F40
26093,03/05/2024 10:29:19,63.440402,10.353841,0101000020E6100000C6F7C5A52AB52440E78BBD175FB84F40
26092,03/05/2024 10:29:21,63.440389,10.353835,0101000020E61000003E5C72DC29B524405242B0AA5EB84F40
26091,03/05/2024 10:29:22,63.440376,10.353827,0101000020E610000032E202D028B52440BEF8A23D5EB84F40
26090,03/05/2024 10:29:23,63.440363,10.353824,0101000020E61000006E14596B28B5244029AF95D05DB84F40
26089,03/05/2024 10:29:24,63.440348,10.353819,0101000020E6100000276893C327B52440F46DC1525DB84F40
26088,03/05/2024 10:29:25,63.440334,10.35381,0101000020E6100000DAFE959526B524408FA850DD5CB84F40
26087,03/05/2024 10:29:26,63.440319,10.353802,0101000020E6100000CF84268925B5244059677C5F5CB84F40
26086,03/05/2024 10:29:27,63.440304,10.353791,0101000020E6100000FF3C0D1824B524402426A8E15BB84F40
26085,03/05/2024 10:29:28,63.440284,10.353757,0101000020E61000004F7633A31FB52440DD79E2395BB84F40
26084,03/05/2024 10:29:29,63.440271,10.353738,0101000020E610000074B4AA251DB524404830D5CC5AB84F40
26083,03/05/2024 10:29:30,63.44026,10.353742,0101000020E61000007971E2AB1DB5244054DE8E705AB84F40
26082,03/05/2024 10:29:31,63.440249,10.353727,0101000020E6100000A46C91B41BB52440608C48145AB84F40
26081,03/05/2024 10:29:32,63.440239,10.353712,0101000020E6100000CF6740BD19B524403DB665C059B84F40
26080,03/05/2024 10:29:33,63.440229,10.353696,0101000020E6100000B87361A417B5244019E0826C59B84F40
26079,03/05/2024 10:29:34,63.440221,10.353672,0101000020E61000009605137F14B524409601672959B84F40
26078,03/05/2024 10:29:35,63.44021,10.353648,0101000020E61000007497C45911B52440A3AF20CD58B84F40
26077,03/05/2024 10:29:36,63.440199,10.353627,0101000020E610000016F71F990EB52440AF5DDA7058B84F40
26076,03/05/2024 10:29:37,63.440188,10.353607,0101000020E6100000FA4509FA0BB52440BB0B941458B84F40
26075,03/05/2024 10:29:38,63.440177,10.353585,0101000020E61000005AB6D61709B52440C7B94DB857B84F40
26074,03/05/2024 10:29:39,63.440163,10.353547,0101000020E6100000A432C51C04B5244062F4DC4257B84F40
26073,03/05/2024 10:29:41,63.440152,10.353521,0101000020E6100000FFE55AB400B524406EA296E656B84F40
26072,03/05/2024 10:29:42,63.44014,10.353495,0101000020E61000005A99F04BFDB42440AAD4EC8156B84F40
26071,03/05/2024 10:29:43,63.440131,10.353471,0101000020E6100000382BA226FAB42440567A6D3656B84F40
26070,03/05/2024 10:29:44,63.44012,10.353449,0101000020E6100000999B6F44F7B42440632827DA55B84F40
26069,03/05/2024 10:29:45,63.44011,10.353428,0101000020E61000003BFBCA83F4B424403F52448655B84F40
26068,03/05/2024 10:29:46,63.4401,10.353409,0101000020E610000060394206F2B424401B7C613255B84F40
26067,03/05/2024 10:29:47,63.440079,10.35337,0101000020E610000069C6A2E9ECB424400454388254B84F40
26066,03/05/2024 10:29:48,63.440068,10.353347,0101000020E61000008847E2E5E9B424401002F22554B84F40
26065,03/05/2024 10:29:49,63.440059,10.353328,0101000020E6100000AD855968E7B42440BDA772DA53B84F40
26064,03/05/2024 10:29:50,63.44005,10.353307,0101000020E61000004FE5B4A7E4B424406A4DF38E53B84F40
26063,03/05/2024 10:29:51,63.440041,10.353288,0101000020E610000074232C2AE2B4244016F3734353B84F40
26062,03/05/2024 10:30:05,63.439942,10.353015,0101000020E6100000B0FECF61BEB424408311FB0450B84F40
26061,03/05/2024 10:30:06,63.439938,10.353002,0101000020E61000005ED89AADBCB4244042226DE34FB84F40
26060,03/05/2024 10:30:07,63.439933,10.352991,0101000020E61000008E90813CBBB4244030B77BB94FB84F40
26059,03/05/2024 10:31:07,63.439804,10.352853,0101000020E61000004A97FE25A9B4244032535A7F4BB84F40
26058,03/05/2024 10:32:07,63.439788,10.35304,0101000020E6100000145CACA8C1B424402D9622F94AB84F40
26057,03/05/2024 10:33:08,63.43986,10.353152,0101000020E6100000B308C556D0B42440C6681D554DB84F40
26056,03/05/2024 10:34:09,63.439926,10.353184,0101000020E6100000E0F08288D4B424407E54C37E4FB84F40
26055,03/05/2024 10:35:09,63.440007,10.353309,0101000020E6100000D2C3D0EAE4B424406A813D2652B84F40
26054,03/05/2024 10:36:10,63.440161,10.353047,0101000020E6100000DEE68D93C2B42440C1FC153257B84F40
26053,03/05/2024 10:37:10,63.440367,10.352473,0101000020E61000002E724F5777B424406A9E23F25DB84F40
26052,03/05/2024 10:38:10,63.440446,10.352192,0101000020E61000005ED3838252B42440B6D3D68860B84F40
26051,03/05/2024 10:39:11,63.440619,10.352027,0101000020E6100000349E08E23CB42440847F113466B84F40
26050,03/05/2024 10:40:11,63.440704,10.351853,0101000020E6100000BDFF8F1326B42440B29B19FD68B84F40
26049,03/05/2024 10:41:11,63.4408,10.351723,0101000020E610000084807C0915B42440D40968226CB84F40
26048,03/05/2024 10:42:12,63.440884,10.351735,0101000020E610000095B7239C16B4244032AA0CE36EB84F40
26047,03/05/2024 10:43:09,63.440866,10.351553,0101000020E6100000129F3BC1FEB324408CF50D4C6EB84F40
26046,03/05/2024 10:43:10,63.440861,10.351551,0101000020E61000008FC01F7EFEB324407A8A1C226EB84F40
26045,03/05/2024 10:43:11,63.440857,10.351549,0101000020E61000000DE2033BFEB32440389B8E006EB84F40
26044,03/05/2024 10:43:12,63.440853,10.351541,0101000020E61000000168942EFDB32440F7AB00DF6DB84F40
26043,03/05/2024 10:43:13,63.440849,10.351537,0101000020E6100000FBAA5CA8FCB32440B6BC72BD6DB84F40
26042,03/05/2024 10:43:14,63.440845,10.351536,0101000020E6100000BABBCE86FCB3244074CDE49B6DB84F40
26041,03/05/2024 10:43:15,63.440842,10.351531,0101000020E6100000730F09DFFBB32440035ABA826DB84F40
26040,03/05/2024 10:43:16,63.440838,10.351528,0101000020E6100000AF415F7AFBB32440C26A2C616DB84F40
26039,03/05/2024 10:43:18,63.440835,10.351526,0101000020E61000002C634337FBB3244051F701486DB84F40
26038,03/05/2024 10:43:18,63.440832,10.351527,0101000020E61000006D52D158FBB32440E083D72E6DB84F40
26037,03/05/2024 10:43:19,63.440829,10.351529,0101000020E6100000F030ED9BFBB324406E10AD156DB84F40
26036,03/05/2024 10:43:21,63.440818,10.351519,0101000020E610000062D8614CFAB324407BBE66B96CB84F40
26035,03/05/2024 10:43:22,63.440813,10.351514,0101000020E61000001B2C9CA4F9B324406953758F6CB84F40
26034,03/05/2024 10:43:24,63.440805,10.351512,0101000020E6100000984D8061F9B32440E674594C6CB84F40
26033,03/05/2024 10:43:26,63.440798,10.351511,0101000020E6100000575EF23FF9B324403312A1116CB84F40
26032,03/05/2024 10:43:27,63.440794,10.351512,0101000020E6100000984D8061F9B32440F22213F06BB84F40
26031,03/05/2024 10:43:28,63.44079,10.351511,0101000020E6100000575EF23FF9B32440B13385CE6BB84F40
26030,03/05/2024 10:43:30,63.440781,10.351509,0101000020E6100000D47FD6FCF8B324405DD905836BB84F40
26029,03/05/2024 10:43:31,63.440777,10.351507,0101000020E610000051A1BAB9F8B324401CEA77616BB84F40
26028,03/05/2024 10:43:32,63.440773,10.351506,0101000020E61000000FB22C98F8B32440DBFAE93F6BB84F40
26027,03/05/2024 10:43:35,63.440759,10.351507,0101000020E610000051A1BAB9F8B32440763579CA6AB84F40
26026,03/05/2024 10:43:36,63.440755,10.351506,0101000020E61000000FB22C98F8B324403446EBA86AB84F40
26025,03/05/2024 10:43:37,63.440752,10.351509,0101000020E6100000D47FD6FCF8B32440C3D2C08F6AB84F40
26024,03/05/2024 10:43:38,63.440748,10.351514,0101000020E61000001B2C9CA4F9B3244082E3326E6AB84F40
26023,03/05/2024 10:43:39,63.440744,10.351519,0101000020E610000062D8614CFAB3244040F4A44C6AB84F40
26022,03/05/2024 10:43:42,63.440731,10.351518,0101000020E610000020E9D32AFAB32440ACAA97DF69B84F40
26021,03/05/2024 10:43:43,63.440726,10.351523,0101000020E6100000689599D2FAB324409A3FA6B569B84F40
26020,03/05/2024 10:43:44,63.440718,10.351519,0101000020E610000062D8614CFAB3244017618A7269B84F40
26019,03/05/2024 10:43:45,63.440712,10.351518,0101000020E610000020E9D32AFAB32440357A354069B84F40
26018,03/05/2024 10:43:46,63.440706,10.35152,0101000020E6100000A3C7EF6DFAB324405393E00D69B84F40
26017,03/05/2024 10:43:47,63.440701,10.351525,0101000020E6100000EA73B515FBB324404128EFE368B84F40
26016,03/05/2024 10:43:48,63.440687,10.351528,0101000020E6100000AF415F7AFBB32440DC627E6E68B84F40
26015,03/05/2024 10:43:49,63.44068,10.351531,0101000020E6100000730F09DFFBB324402A00C63368B84F40
26014,03/05/2024 10:43:50,63.440672,10.351537,0101000020E6100000FBAA5CA8FCB32440A721AAF067B84F40
26013,03/05/2024 10:43:51,63.440664,10.351539,0101000020E61000007E8978EBFCB3244024438EAD67B84F40
26012,03/05/2024 10:43:52,63.440657,10.35154,0101000020E6100000C078060DFDB3244071E0D57267B84F40
26011,03/05/2024 10:43:53,63.440649,10.351545,0101000020E61000000725CCB4FDB32440EF01BA2F67B84F40
26010,03/05/2024 10:43:54,63.440643,10.351549,0101000020E61000000DE2033BFEB324400C1B65FD66B84F40
26009,03/05/2024 10:43:55,63.440636,10.351554,0101000020E6100000548EC9E2FEB324405AB8ACC266B84F40
26008,03/05/2024 10:43:56,63.44063,10.351559,0101000020E61000009B3A8F8AFFB3244078D1579066B84F40
26007,03/05/2024 10:43:57,63.440623,10.351569,0101000020E610000029931ADA00B42440C56E9F5566B84F40
26006,03/05/2024 10:43:58,63.440615,10.351576,0101000020E6100000F31DFCC401B424404290831266B84F40
26005,03/05/2024 10:44:00,63.440608,10.351581,0101000020E61000003ACAC16C02B42440902DCBD765B84F40
26004,03/05/2024 10:44:01,63.440603,10.351586,0101000020E61000008176871403B424407EC2D9AD65B84F40
26003,03/05/2024 10:44:02,63.440599,10.351587,0101000020E6100000C365153603B424403DD34B8C65B84F40
26002,03/05/2024 10:44:04,63.440587,10.351592,0101000020E61000000A12DBDD03B424407805A22765B84F40
26001,03/05/2024 10:44:05,63.440574,10.351607,0101000020E6100000DF162CD505B42440E4BB94BA64B84F40
26000,03/05/2024 10:44:06,63.44057,10.351611,0101000020E6100000E5D3635B06B42440A2CC069964B84F40
25999,03/05/2024 10:44:07,63.440563,10.351621,0101000020E6100000732CEFAA07B42440F0694E5E64B84F40
25998,03/05/2024 10:44:08,63.440557,10.351628,0101000020E61000003DB7D09508B424400E83F92B64B84F40
25997,03/05/2024 10:44:10,63.440547,10.351629,0101000020E61000007EA65EB708B42440EAAC16D863B84F40
25996,03/05/2024 10:44:12,63.440539,10.351633,0101000020E61000008463963D09B4244067CEFA9463B84F40
25995,03/05/2024 10:45:12,63.440518,10.351853,0101000020E6100000BDFF8F1326B4244050A6D1E462B84F40
25994,03/05/2024 10:46:12,63.440568,10.351908,0101000020E6100000CB660E492DB4244002D53F8864B84F40
25993,03/05/2024 10:47:13,63.440649,10.35186,0101000020E6100000878A71FE26B42440EF01BA2F67B84F40
25992,03/05/2024 10:48:14,63.440685,10.351814,0101000020E6100000C58CF0F620B424403B6BB75D68B84F40
25991,03/05/2024 10:49:15,63.440742,10.351853,0101000020E6100000BDFF8F1326B42440A0FCDD3B6AB84F40
25990,03/05/2024 10:50:15,63.440804,10.351854,0101000020E6100000FEEE1D3526B4244016F9F5436CB84F40
25989,03/05/2024 10:51:05,63.440862,10.351801,0101000020E61000007366BB421FB424404A06802A6EB84F40
25988,03/05/2024 10:51:07,63.440871,10.351796,0101000020E61000002CBAF59A1EB424409D60FF756EB84F40
25987,03/05/2024 10:51:08,63.440875,10.351795,0101000020E6100000EACA67791EB42440DF4F8D976EB84F40
25986,03/05/2024 10:51:09,63.440881,10.351793,0101000020E610000067EC4B361EB42440C136E2C96EB84F40
25985,03/05/2024 10:51:10,63.440887,10.35179,0101000020E6100000A31EA2D11DB42440A31D37FC6EB84F40
25984,03/05/2024 10:51:12,63.440883,10.351775,0101000020E6100000CE1951DA1BB42440622EA9DA6EB84F40
25983,03/05/2024 10:51:13,63.44088,10.35177,0101000020E6100000876D8B321BB42440F1BA7EC16EB84F40
25982,03/05/2024 10:51:14,63.440881,10.351764,0101000020E6100000FED137691AB42440C136E2C96EB84F40
25981,03/05/2024 10:51:15,63.440882,10.351755,0101000020E6100000B1683A3B19B4244091B245D26EB84F40
25980,03/05/2024 10:51:17,63.440884,10.351746,0101000020E610000065FF3C0D18B4244032AA0CE36EB84F40
25979,03/05/2024 10:51:18,63.440885,10.351727,0101000020E61000008A3DB48F15B42440022670EB6EB84F40
25978,03/05/2024 10:51:19,63.440887,10.351717,0101000020E6100000FBE4284014B42440A31D37FC6EB84F40
25977,03/05/2024 10:51:20,63.440889,10.351705,0101000020E6100000EAAD81AD12B424404415FE0C6FB84F40
25976,03/05/2024 10:51:21,63.44089,10.351689,0101000020E6100000D4B9A29410B42440149161156FB84F40
25975,03/05/2024 10:51:22,63.440892,10.351677,0101000020E6100000C282FB010FB42440B58828266FB84F40
25974,03/05/2024 10:51:23,63.440897,10.351664,0101000020E6100000705CC64D0DB42440C7F319506FB84F40
25973,03/05/2024 10:51:36,63.440889,10.351511,0101000020E6100000575EF23FF9B324404415FE0C6FB84F40
25972,03/05/2024 10:51:37,63.440887,10.351506,0101000020E61000000FB22C98F8B32440A31D37FC6EB84F40
25971,03/05/2024 10:51:38,63.440885,10.351503,0101000020E61000004BE48233F8B32440022670EB6EB84F40
25970,03/05/2024 10:51:39,63.440883,10.3515,0101000020E61000008716D9CEF7B32440622EA9DA6EB84F40
25969,03/05/2024 10:51:40,63.440881,10.351498,0101000020E61000000438BD8BF7B32440C136E2C96EB84F40
25968,03/05/2024 10:51:41,63.440878,10.351497,0101000020E6100000C3482F6AF7B3244050C3B7B06EB84F40
25967,03/05/2024 10:51:42,63.440874,10.351492,0101000020E61000007C9C69C2F6B324400ED4298F6EB84F40
25966,03/05/2024 10:51:43,63.440873,10.351488,0101000020E610000076DF313CF6B324403E58C6866EB84F40
25965,03/05/2024 10:51:45,63.44087,10.351484,0101000020E61000007022FAB5F5B32440CDE49B6D6EB84F40
25964,03/05/2024 10:51:48,63.440856,10.351478,0101000020E6100000E886A6ECF4B32440681F2BF86DB84F40
25963,03/05/2024 10:51:49,63.440853,10.351477,0101000020E6100000A69718CBF4B32440F7AB00DF6DB84F40
25962,03/05/2024 10:51:50,63.440851,10.351476,0101000020E610000065A88AA9F4B3244056B439CE6DB84F40
25961,03/05/2024 10:51:51,63.440847,10.351475,0101000020E610000023B9FC87F4B3244015C5ABAC6DB84F40
25960,03/05/2024 10:51:52,63.440842,10.351473,0101000020E6100000A1DAE044F4B32440035ABA826DB84F40
25959,03/05/2024 10:51:53,63.440834,10.35147,0101000020E6100000DC0C37E0F3B32440807B9E3F6DB84F40
25958,03/05/2024 10:51:55,63.440826,10.351468,0101000020E6100000592E1B9DF3B32440FD9C82FC6CB84F40
25957,03/05/2024 10:51:56,63.44082,10.351465,0101000020E610000095607138F3B324401BB62DCA6CB84F40
25956,03/05/2024 10:51:57,63.440812,10.351461,0101000020E61000008FA339B2F2B3244098D711876CB84F40
25955,03/05/2024 10:51:58,63.440805,10.351458,0101000020E6100000CBD58F4DF2B32440E674594C6CB84F40
25954,03/05/2024 10:51:59,63.440798,10.351453,0101000020E61000008429CAA5F1B324403312A1116CB84F40
25953,03/05/2024 10:52:00,63.440791,10.351449,0101000020E61000007E6C921FF1B3244081AFE8D66BB84F40
25952,03/05/2024 10:52:01,63.440777,10.351444,0101000020E610000037C0CC77F0B324401CEA77616BB84F40
25951,03/05/2024 10:52:02,63.440769,10.35144,0101000020E6100000320395F1EFB32440990B5C1E6BB84F40
25950,03/05/2024 10:52:05,63.440743,10.351442,0101000020E6100000B4E1B034F0B32440707841446AB84F40
25949,03/05/2024 10:52:06,63.440739,10.351447,0101000020E6100000FC8D76DCF0B324402F89B3226AB84F40
25948,03/05/2024 10:52:07,63.440731,10.351446,0101000020E6100000BA9EE8BAF0B32440ACAA97DF69B84F40
25947,03/05/2024 10:52:08,63.440725,10.351448,0101000020E61000003D7D04FEF0B32440CAC342AD69B84F40
25946,03/05/2024 10:52:09,63.440719,10.35145,0101000020E6100000C05B2041F1B32440E7DCED7A69B84F40
25945,03/05/2024 10:52:10,63.440713,10.351454,0101000020E6100000C61858C7F1B3244005F6984869B84F40
25944,03/05/2024 10:52:12,63.440707,10.351451,0101000020E6100000014BAE62F1B32440230F441669B84F40
25943,03/05/2024 10:52:13,63.4407,10.351446,0101000020E6100000BA9EE8BAF0B3244071AC8BDB68B84F40
25942,03/05/2024 10:52:14,63.440693,10.351444,0101000020E610000037C0CC77F0B32440BE49D3A068B84F40
25941,03/05/2024 10:52:16,63.440682,10.351447,0101000020E6100000FC8D76DCF0B32440CAF78C4468B84F40
25940,03/05/2024 10:52:17,63.440676,10.351449,0101000020E61000007E6C921FF1B32440E810381268B84F40
25939,03/05/2024 10:52:18,63.440663,10.351452,0101000020E6100000433A3C84F1B3244053C72AA567B84F40
25938,03/05/2024 10:52:19,63.440657,10.351454,0101000020E6100000C61858C7F1B3244071E0D57267B84F40
25937,03/05/2024 10:52:20,63.44065,10.351455,0101000020E61000000708E6E8F1B32440BF7D1D3867B84F40
25936,03/05/2024 10:52:21,63.440644,10.351456,0101000020E610000048F7730AF2B32440DD96C80567B84F40
25935,03/05/2024 10:52:23,63.440629,10.351457,0101000020E61000008AE6012CF2B32440A755F48766B84F40
25934,03/05/2024 10:52:26,63.44061,10.351455,0101000020E61000000708E6E8F1B32440312592E865B84F40
25933,03/05/2024 10:52:28,63.440598,10.351452,0101000020E6100000433A3C84F1B324406C57E88365B84F40
25932,03/05/2024 10:52:30,63.440586,10.351451,0101000020E6100000014BAE62F1B32440A8893E1F65B84F40
25931,03/05/2024 10:52:31,63.440581,10.35145,0101000020E6100000C05B2041F1B32440961E4DF564B84F40
25930,03/05/2024 10:52:32,63.440576,10.351451,0101000020E6100000014BAE62F1B3244085B35BCB64B84F40
25929,03/05/2024 10:52:34,63.440569,10.35145,0101000020E6100000C05B2041F1B32440D250A39064B84F40
25928,03/05/2024 10:52:35,63.440564,10.351451,0101000020E6100000014BAE62F1B32440C0E5B16664B84F40
25927,03/05/2024 10:52:37,63.440551,10.351452,0101000020E6100000433A3C84F1B324402C9CA4F963B84F40
25926,03/05/2024 10:52:38,63.440545,10.351454,0101000020E6100000C61858C7F1B324404AB54FC763B84F40
25925,03/05/2024 10:52:39,63.440532,10.351461,0101000020E61000008FA339B2F2B32440B56B425A63B84F40
25924,03/05/2024 10:52:40,63.440525,10.351463,0101000020E6100000128255F5F2B3244002098A1F63B84F40
25923,03/05/2024 10:52:41,63.440518,10.351465,0101000020E610000095607138F3B3244050A6D1E462B84F40
25922,03/05/2024 10:52:42,63.440511,10.351466,0101000020E6100000D74FFF59F3B324409D4319AA62B84F40
25921,03/05/2024 10:52:43,63.440504,10.351469,0101000020E61000009B1DA9BEF3B32440EBE0606F62B84F40
25920,03/05/2024 10:52:44,63.440497,10.35147,0101000020E6100000DC0C37E0F3B32440397EA83462B84F40
25919,03/05/2024 10:52:45,63.44049,10.351472,0101000020E61000005FEB5223F4B32440861BF0F961B84F40
25918,03/05/2024 10:52:46,63.440484,10.351475,0101000020E610000023B9FC87F4B32440A4349BC761B84F40
25917,03/05/2024 10:52:47,63.440478,10.351478,0101000020E6100000E886A6ECF4B32440C24D469561B84F40
25916,03/05/2024 10:52:48,63.440472,10.351481,0101000020E6100000AC545051F5B32440E066F16261B84F40
25915,03/05/2024 10:52:49,63.440464,10.351484,0101000020E61000007022FAB5F5B324405D88D51F61B84F40
25914,03/05/2024 10:52:50,63.440458,10.351486,0101000020E6100000F30016F9F5B324407BA180ED60B84F40
25913,03/05/2024 10:52:51,63.440451,10.351492,0101000020E61000007C9C69C2F6B32440C83EC8B260B84F40
25912,03/05/2024 10:52:53,63.440445,10.351498,0101000020E61000000438BD8BF7B32440E657738060B84F40
25911,03/05/2024 10:52:54,63.440438,10.3515,0101000020E61000008716D9CEF7B3244034F5BA4560B84F40
25910,03/05/2024 10:52:55,63.44043,10.351498,0101000020E61000000438BD8BF7B32440B1169F0260B84F40
25909,03/05/2024 10:52:56,63.440422,10.351502,0101000020E61000000AF5F411F8B324402E3883BF5FB84F40
25908,03/05/2024 10:52:57,63.440415,10.35151,0101000020E6100000156F641EF9B324407BD5CA845FB84F40
25907,03/05/2024 10:52:58,63.440407,10.351522,0101000020E610000026A60BB1FAB32440F9F6AE415FB84F40
25906,03/05/2024 10:52:59,63.440392,10.351529,0101000020E6100000F030ED9BFBB32440C3B5DAC35EB84F40
25905,03/05/2024 10:53:00,63.440383,10.35153,0101000020E610000032207BBDFBB32440705B5B785EB84F40
25904,03/05/2024 10:53:02,63.440368,10.351532,0101000020E6100000B4FE9600FCB324403B1A87FA5DB84F40
25903,03/05/2024 10:53:03,63.440361,10.351536,0101000020E6100000BABBCE86FCB3244088B7CEBF5DB84F40
25902,03/05/2024 10:53:04,63.440354,10.351539,0101000020E61000007E8978EBFCB32440D65416855DB84F40
25901,03/05/2024 10:53:07,63.440332,10.351543,0101000020E61000008446B071FDB32440EEB089CC5CB84F40
25900,03/05/2024 10:53:08,63.440325,10.351548,0101000020E6100000CBF27519FEB324403B4ED1915CB84F40
25899,03/05/2024 10:53:09,63.440319,10.351554,0101000020E6100000548EC9E2FEB3244059677C5F5CB84F40
25898,03/05/2024 10:53:11,63.440312,10.351559,0101000020E61000009B3A8F8AFFB32440A704C4245CB84F40
25897,03/05/2024 10:53:12,63.440305,10.351563,0101000020E6100000A0F7C61000B42440F4A10BEA5BB84F40
25896,03/05/2024 10:53:13,63.440298,10.351564,0101000020E6100000E2E6543200B42440423F53AF5BB84F40
25895,03/05/2024 10:53:14,63.440289,10.351562,0101000020E61000005F0839EFFFB32440EFE4D3635BB84F40
25894,03/05/2024 10:53:15,63.440282,10.351568,0101000020E6100000E8A38CB800B424403C821B295BB84F40
25893,03/05/2024 10:53:16,63.440274,10.351574,0101000020E6100000703FE08101B42440B9A3FFE55AB84F40
25892,03/05/2024 10:53:17,63.440258,10.351585,0101000020E61000004087F9F202B42440B4E6C75F5AB84F40
25891,03/05/2024 10:53:18,63.44025,10.351589,0101000020E61000004544317903B424403108AC1C5AB84F40
25890,03/05/2024 10:53:19,63.440243,10.351593,0101000020E61000004B0169FF03B424407EA5F3E159B84F40
25889,03/05/2024 10:53:20,63.440236,10.3516,0101000020E6100000158C4AEA04B42440CC423BA759B84F40
25888,03/05/2024 10:53:22,63.440218,10.351598,0101000020E610000092AD2EA704B42440258E3C1059B84F40
25887,03/05/2024 10:53:23,63.44021,10.351602,0101000020E6100000986A662D05B42440A3AF20CD58B84F40
25886,03/05/2024 10:53:24,63.440201,10.351605,0101000020E61000005C38109205B424404F55A18158B84F40
25885,03/05/2024 10:53:25,63.440192,10.351607,0101000020E6100000DF162CD505B42440FCFA213658B84F40
25884,03/05/2024 10:53:26,63.440184,10.351611,0101000020E6100000E5D3635B06B42440791C06F357B84F40
25883,03/05/2024 10:53:27,63.440175,10.351616,0101000020E61000002C80290307B4244026C286A757B84F40
25882,03/05/2024 10:53:28,63.440168,10.351619,0101000020E6100000F04DD36707B42440745FCE6C57B84F40
25881,03/05/2024 10:53:30,63.44016,10.351624,0101000020E610000037FA980F08B42440F180B22957B84F40
25880,03/05/2024 10:53:31,63.440151,10.351626,0101000020E6100000BAD8B45208B424409E2633DE56B84F40
25879,03/05/2024 10:53:32,63.440144,10.351623,0101000020E6100000F60A0BEE07B42440EBC37AA356B84F40
25878,03/05/2024 10:53:33,63.440136,10.351629,0101000020E61000007EA65EB708B4244068E55E6056B84F40
25877,03/05/2024 10:53:34,63.440128,10.35163,0101000020E6100000C095ECD808B42440E506431D56B84F40
25876,03/05/2024 10:53:35,63.440124,10.351631,0101000020E610000001857AFA08B42440A417B5FB55B84F40
25875,03/05/2024 10:53:36,63.440112,10.351635,0101000020E61000000742B28009B42440E0490B9755B84F40
25874,03/05/2024 10:53:38,63.440098,10.351631,0101000020E610000001857AFA08B424407B849A2155B84F40
25873,03/05/2024 10:53:39,63.44009,10.351636,0101000020E6100000483140A209B42440F8A57EDE54B84F40
25872,03/05/2024 10:53:40,63.440085,10.351639,0101000020E61000000CFFE9060AB42440E63A8DB454B84F40
25871,03/05/2024 10:53:41,63.440079,10.35164,0101000020E61000004EEE77280AB424400454388254B84F40
25870,03/05/2024 10:53:42,63.440073,10.351642,0101000020E6100000D1CC936B0AB42440226DE34F54B84F40
25869,03/05/2024 10:53:43,63.440067,10.351644,0101000020E610000054ABAFAE0AB4244040868E1D54B84F40
25868,03/05/2024 10:53:44,63.44006,10.351649,0101000020E61000009B5775560BB424408D23D6E253B84F40
25867,03/05/2024 10:53:45,63.440053,10.351651,0101000020E61000001E3691990BB42440DBC01DA853B84F40
25866,03/05/2024 10:53:47,63.440039,10.351654,0101000020E6100000E2033BFE0BB4244076FBAC3253B84F40
25865,03/05/2024 10:53:48,63.440032,10.351657,0101000020E6100000A6D1E4620CB42440C398F4F752B84F40
25864,03/05/2024 10:53:50,63.440025,10.351662,0101000020E6100000ED7DAA0A0DB4244011363CBD52B84F40
25863,03/05/2024 10:53:51,63.440021,10.351667,0101000020E6100000342A70B20DB42440CF46AE9B52B84F40
25862,03/05/2024 10:53:52,63.440016,10.351672,0101000020E61000007BD6355A0EB42440BEDBBC7152B84F40
25861,03/05/2024 10:53:53,63.44001,10.351677,0101000020E6100000C282FB010FB42440DBF4673F52B84F40
25860,03/05/2024 10:53:54,63.440002,10.351683,0101000020E61000004B1E4FCB0FB4244059164CFC51B84F40
25859,03/05/2024 10:53:55,63.439994,10.351687,0101000020E610000051DB865110B42440D63730B951B84F40
25858,03/05/2024 10:53:56,63.439981,10.351697,0101000020E6100000DF3312A111B4244041EE224C51B84F40
25857,03/05/2024 10:53:57,63.439972,10.351706,0101000020E61000002C9D0FCF12B42440EE93A30051B84F40
25856,03/05/2024 10:53:58,63.439967,10.35171,0101000020E6100000315A475513B42440DC28B2D650B84F40
25855,03/05/2024 10:53:59,63.439961,10.351718,0101000020E61000003DD4B66114B42440FA415DA450B84F40
25854,03/05/2024 10:54:00,63.439955,10.351723,0101000020E610000084807C0915B42440185B087250B84F40
25853,03/05/2024 10:54:01,63.439948,10.351726,0101000020E6100000484E266E15B4244065F84F3750B84F40
25852,03/05/2024 10:54:02,63.439941,10.351732,0101000020E6100000D1E9793716B42440B39597FC4FB84F40
25851,03/05/2024 10:54:03,63.439934,10.351735,0101000020E610000095B7239C16B424400033DFC14FB84F40
25850,03/05/2024 10:54:04,63.439926,10.35174,0101000020E6100000DC63E94317B424407E54C37E4FB84F40
25849,03/05/2024 10:54:06,63.439917,10.351747,0101000020E6100000A6EECA2E18B424402AFA43334FB84F40
25848,03/05/2024 10:54:07,63.439911,10.351753,0101000020E61000002E8A1EF818B424404813EF004FB84F40
25847,03/05/2024 10:54:08,63.439905,10.351756,0101000020E6100000F357C85C19B42440662C9ACE4EB84F40
25846,03/05/2024 10:54:09,63.439899,10.351763,0101000020E6100000BDE2A9471AB424408445459C4EB84F40
25845,03/05/2024 10:54:10,63.439894,10.351772,0101000020E61000000A4CA7751BB4244072DA53724EB84F40
25844,03/05/2024 10:54:11,63.439884,10.351778,0101000020E610000092E7FA3E1CB424404F04711E4EB84F40
25843,03/05/2024 10:54:12,63.439878,10.351791,0101000020E6100000E50D30F31DB424406D1D1CEC4DB84F40
25842,03/05/2024 10:54:13,63.439873,10.351803,0101000020E6100000F644D7851FB424405BB22AC24DB84F40
25841,03/05/2024 10:54:14,63.439868,10.351812,0101000020E610000042AED4B320B42440494739984DB84F40
25840,03/05/2024 10:54:15,63.439863,10.351819,0101000020E61000000C39B69E21B4244037DC476E4DB84F40
25839,03/05/2024 10:54:16,63.439858,10.351828,0101000020E610000059A2B3CC22B42440257156444DB84F40
25838,03/05/2024 10:54:17,63.439855,10.351835,0101000020E6100000232D95B723B42440B4FD2B2B4DB84F40
25837,03/05/2024 10:54:18,63.439852,10.351842,0101000020E6100000EDB776A224B42440438A01124DB84F40
25836,03/05/2024 10:54:19,63.43985,10.351857,0101000020E6100000C2BCC79926B42440A3923A014DB84F40
25835,03/05/2024 10:54:20,63.439851,10.351873,0101000020E6100000D9B0A6B228B42440730E9E094DB84F40
25834,03/05/2024 10:54:23,63.439852,10.351898,0101000020E61000003D0E83F92BB42440438A01124DB84F40
25833,03/05/2024 10:54:25,63.43985,10.351923,0101000020E6100000A06B5F402FB42440A3923A014DB84F40
25832,03/05/2024 10:54:26,63.439851,10.351927,0101000020E6100000A62897C62FB42440730E9E094DB84F40
25831,03/05/2024 10:54:28,63.439853,10.35195,0101000020E610000086A757CA32B424401406651A4DB84F40
25830,03/05/2024 10:54:29,63.439854,10.351965,0101000020E61000005CACA8C134B42440E481C8224DB84F40
25829,03/05/2024 10:54:30,63.439856,10.351973,0101000020E6100000672618CE35B4244085798F334DB84F40
25828,03/05/2024 10:54:31,63.439858,10.35198,0101000020E610000031B1F9B836B42440257156444DB84F40
25827,03/05/2024 10:55:31,63.440023,10.352093,0101000020E6100000124DA08845B42440703E75AC52B84F40
25826,03/05/2024 10:56:31,63.440103,10.352062,0101000020E61000002654707841B424408DEF8B4B55B84F40
25825,03/05/2024 10:57:31,63.440186,10.352143,0101000020E6100000D90759164CB424401A14CD0358B84F40
25824,03/05/2024 10:58:32,63.440185,10.352101,0101000020E61000001DC70F9546B424404A9869FB57B84F40
25823,03/05/2024 10:59:32,63.440242,10.352167,0101000020E6100000FB75A73B4FB42440AE2990D959B84F40
25822,03/05/2024 11:00:32,63.440286,10.352108,0101000020E6100000E751F17F47B424407E71A94A5BB84F40
25821,03/05/2024 11:01:33,63.440321,10.35218,0101000020E61000004D9CDCEF50B42440FA5E43705CB84F40
25820,03/05/2024 11:02:34,63.440337,10.352133,0101000020E61000004BAFCDC64AB42440001C7BF65CB84F40
25819,03/05/2024 11:03:35,63.440372,10.352032,0101000020E61000007B4ACE893DB424407C09151C5EB84F40
25818,03/05/2024 11:04:35,63.440409,10.352145,0101000020E61000005CE674594CB4244099EE75525FB84F40
25817,03/05/2024 11:05:36,63.440413,10.352112,0101000020E6100000ED0E290648B42440DBDD03745FB84F40
25816,03/05/2024 11:06:37,63.440447,10.352106,0101000020E61000006473D53C47B42440874F3A9160B84F40
25815,03/05/2024 11:07:37,63.440472,10.352137,0101000020E6100000506C054D4BB42440E066F16261B84F40
25814,03/05/2024 11:08:38,63.440524,10.35207,0101000020E610000031CEDF8442B42440328D261763B84F40
25813,03/05/2024 11:09:39,63.440503,10.351991,0101000020E610000001F9122A38B424401B65FD6662B84F40
25812,03/05/2024 11:10:41,63.440521,10.351992,0101000020E610000042E8A04B38B42440C119FCFD62B84F40
25811,03/05/2024 11:11:41,63.440525,10.352049,0101000020E6100000D32D3BC43FB4244002098A1F63B84F40
25810,03/05/2024 11:12:42,63.440502,10.352024,0101000020E610000070D05E7D3CB424404AE9995E62B84F40
25809,03/05/2024 11:13:42,63.440533,10.352042,0101000020E610000009A359D93EB4244085E7A56263B84F40
25808,03/05/2024 11:14:43,63.440551,10.351942,0101000020E61000007B2DE8BD31B424402C9CA4F963B84F40
25807,03/05/2024 11:15:44,63.440584,10.352042,0101000020E610000009A359D93EB424400792770E65B84F40
25806,03/05/2024 11:16:45,63.440646,10.352155,0101000020E6100000EA3E00A94DB424407D8E8F1667B84F40
25805,03/05/2024 11:17:46,63.440628,10.352067,0101000020E61000006D00362042B42440D7D9907F66B84F40
25804,03/05/2024 11:18:47,63.440618,10.352036,0101000020E6100000810706103EB42440B403AE2B66B84F40
25803,03/05/2024 11:19:48,63.440635,10.35207,0101000020E610000031CEDF8442B424408A3C49BA66B84F40
25802,03/05/2024 11:20:49,63.440643,10.352066,0101000020E61000002B11A8FE41B424400C1B65FD66B84F40
25801,03/05/2024 11:21:49,63.440654,10.352168,0101000020E61000003C65355D4FB42440006DAB5967B84F40
25800,03/05/2024 11:22:50,63.440648,10.352147,0101000020E6100000DEC4909C4CB424401E86562767B84F40
25799,03/05/2024 11:23:50,63.440625,10.352131,0101000020E6100000C8D0B1834AB424406666666666B84F40
25798,03/05/2024 11:24:51,63.440644,10.352175,0101000020E610000006F0164850B42440DD96C80567B84F40
25797,03/05/2024 11:25:51,63.440676,10.352118,0101000020E610000075AA7CCF48B42440E810381268B84F40
25796,03/05/2024 11:26:51,63.440696,10.35213,0101000020E610000086E123624AB424402FBDFDB968B84F40
25795,03/05/2024 11:27:51,63.440716,10.352115,0101000020E6100000B1DCD26A48B424407669C36169B84F40
25794,03/05/2024 11:28:51,63.440699,10.35209,0101000020E61000004D7FF62345B42440A03028D368B84F40
25793,03/05/2024 11:29:52,63.440719,10.352055,0101000020E61000005CC98E8D40B42440E7DCED7A69B84F40
25792,03/05/2024 11:30:52,63.440726,10.352026,0101000020E6100000F3AE7AC03CB424409A3FA6B569B84F40
25791,03/05/2024 11:31:53,63.440741,10.352031,0101000020E61000003A5B40683DB42440CF807A336AB84F40
25790,03/05/2024 11:32:53,63.44077,10.352079,0101000020E61000007E37DDB243B424406A87BF266BB84F40
25789,03/05/2024 11:33:54,63.440775,10.351991,0101000020E610000001F9122A38B424407BF2B0506BB84F40
25788,03/05/2024 11:34:55,63.440792,10.35194,0101000020E6100000F84ECC7A31B42440512B4CDF6BB84F40
25787,03/05/2024 11:35:55,63.440824,10.351956,0101000020E61000000F43AB9333B424405DA5BBEB6CB84F40
25786,03/05/2024 11:36:55,63.440819,10.351927,0101000020E6100000A62897C62FB424404B3ACAC16CB84F40
25785,03/05/2024 11:37:56,63.440844,10.35191,0101000020E61000004E452A8C2DB42440A45181936DB84F40
25784,03/05/2024 11:38:57,63.440836,10.351868,0101000020E61000009204E10A28B42440217365506DB84F40
25783,03/05/2024 11:39:57,63.440863,10.351826,0101000020E6100000D6C3978922B424401B82E3326EB84F40
25782,03/05/2024 11:40:57,63.440838,10.351746,0101000020E610000065FF3C0D18B42440C26A2C616DB84F40
25781,03/05/2024 11:41:57,63.440831,10.351789,0101000020E6100000622F14B01DB424400F0874266DB84F40
25780,03/05/2024 11:42:58,63.440842,10.351766,0101000020E610000081B053AC1AB42440035ABA826DB84F40
25779,03/05/2024 11:43:58,63.440832,10.351656,0101000020E610000065E256410CB42440E083D72E6DB84F40
25778,03/05/2024 11:44:59,63.440851,10.351626,0101000020E6100000BAD8B45208B4244056B439CE6DB84F40
25777,03/05/2024 11:46:00,63.440835,10.351592,0101000020E61000000A12DBDD03B4244051F701486DB84F40
25776,03/05/2024 11:47:01,63.44083,10.351647,0101000020E6100000187959130BB424403F8C101E6DB84F40
25775,03/05/2024 11:48:02,63.440837,10.351728,0101000020E6100000CB2C42B115B42440F1EEC8586DB84F40
25774,03/05/2024 11:49:03,63.440841,10.351715,0101000020E610000078060DFD13B4244033DE567A6DB84F40
25773,03/05/2024 11:50:03,63.44083,10.351743,0101000020E6100000A03193A817B424403F8C101E6DB84F40
25772,03/05/2024 11:51:04,63.440782,10.351727,0101000020E61000008A3DB48F15B424402E55698B6BB84F40
25771,03/05/2024 11:51:27,63.44079,10.351736,0101000020E6100000D6A6B1BD16B42440B13385CE6BB84F40
25770,03/05/2024 11:51:30,63.440791,10.351737,0101000020E610000018963FDF16B4244081AFE8D66BB84F40
25769,03/05/2024 11:51:31,63.44079,10.351738,0101000020E61000005985CD0017B42440B13385CE6BB84F40
25768,03/05/2024 11:51:33,63.440789,10.351747,0101000020E6100000A6EECA2E18B42440E0B721C66BB84F40
25767,03/05/2024 11:51:34,63.440787,10.351748,0101000020E6100000E7DD585018B4244040C05AB56BB84F40
25766,03/05/2024 11:51:35,63.440784,10.351746,0101000020E610000065FF3C0D18B42440CE4C309C6BB84F40
25765,03/05/2024 11:51:36,63.440783,10.351743,0101000020E6100000A03193A817B42440FED0CC936BB84F40
25764,03/05/2024 11:51:37,63.440781,10.351746,0101000020E610000065FF3C0D18B424405DD905836BB84F40
25763,03/05/2024 11:51:38,63.440778,10.35175,0101000020E61000006ABC749318B42440EC65DB696BB84F40
25762,03/05/2024 11:51:39,63.440774,10.351758,0101000020E61000007636E49F19B42440AB764D486BB84F40
25761,03/05/2024 11:51:40,63.44077,10.351767,0101000020E6100000C29FE1CD1AB424406A87BF266BB84F40
25760,03/05/2024 11:51:41,63.440765,10.351777,0101000020E610000051F86C1D1CB42440581CCEFC6AB84F40
25759,03/05/2024 11:51:42,63.44076,10.351784,0101000020E61000001B834E081DB4244046B1DCD26AB84F40
25758,03/05/2024 11:51:43,63.440754,10.351796,0101000020E61000002CBAF59A1EB4244064CA87A06AB84F40
25757,03/05/2024 11:51:44,63.440748,10.351803,0101000020E6100000F644D7851FB4244082E3326E6AB84F40
25756,03/05/2024 11:51:45,63.440742,10.351813,0101000020E6100000849D62D520B42440A0FCDD3B6AB84F40
25755,03/05/2024 11:51:46,63.440737,10.351827,0101000020E610000018B325AB22B424408E91EC116AB84F40
25754,03/05/2024 11:51:48,63.440732,10.351842,0101000020E6100000EDB776A224B424407C26FBE769B84F40
25753,03/05/2024 11:51:49,63.440725,10.351852,0101000020E61000007B1002F225B42440CAC342AD69B84F40
25752,03/05/2024 11:51:50,63.440719,10.351863,0101000020E61000004B581B6327B42440E7DCED7A69B84F40
25751,03/05/2024 11:51:51,63.440715,10.351873,0101000020E6100000D9B0A6B228B42440A6ED5F5969B84F40
25750,03/05/2024 11:52:51,63.440428,10.351901,0101000020E610000001DC2C5E2CB42440101FD8F15FB84F40
25749,03/05/2024 11:53:52,63.440386,10.351618,0101000020E6100000AF5E454607B42440E1CE85915EB84F40
25748,03/05/2024 11:54:53,63.440477,10.351561,0101000020E61000001E19ABCDFFB32440F1D1E28C61B84F40
25747,03/05/2024 11:55:54,63.440511,10.351579,0101000020E6100000B7EBA52902B424409D4319AA62B84F40
25746,03/05/2024 11:56:55,63.440502,10.351541,0101000020E61000000168942EFDB324404AE9995E62B84F40
25745,03/05/2024 11:57:56,63.440476,10.351476,0101000020E610000065A88AA9F4B3244021567F8461B84F40
25744,03/05/2024 11:58:57,63.440467,10.351416,0101000020E6100000109546CCECB32440CEFBFF3861B84F40
25743,03/05/2024 11:59:58,63.440467,10.351336,0101000020E61000009ED0EB4FE2B32440CEFBFF3861B84F40
25742,03/05/2024 12:00:58,63.440411,10.351364,0101000020E6100000C6FB71FBE5B324403AE63C635FB84F40
25741,03/05/2024 12:02:46,63.440344,10.351434,0101000020E6100000A9674128EFB32440B27E33315DB84F40
25740,03/05/2024 12:03:47,63.44031,10.351481,0101000020E6100000AC545051F5B32440060DFD135CB84F40
25739,03/05/2024 12:04:48,63.44027,10.351507,0101000020E610000051A1BAB9F8B3244078B471C45AB84F40
25738,03/05/2024 12:05:49,63.440238,10.351442,0101000020E6100000B4E1B034F0B324406C3A02B859B84F40
25737,03/05/2024 12:06:49,63.440161,10.351443,0101000020E6100000F6D03E56F0B32440C1FC153257B84F40
25736,03/05/2024 12:07:27,63.440124,10.351448,0101000020E61000003D7D04FEF0B32440A417B5FB55B84F40
25735,03/05/2024 12:07:28,63.440123,10.35145,0101000020E6100000C05B2041F1B32440D49B51F355B84F40
25734,03/05/2024 12:07:29,63.440122,10.351452,0101000020E6100000433A3C84F1B324400320EEEA55B84F40
25733,03/05/2024 12:07:30,63.440119,10.35145,0101000020E6100000C05B2041F1B3244092ACC3D155B84F40
25732,03/05/2024 12:07:31,63.440117,10.351453,0101000020E61000008429CAA5F1B32440F1B4FCC055B84F40
25731,03/05/2024 12:07:32,63.440115,10.351457,0101000020E61000008AE6012CF2B3244051BD35B055B84F40
25730,03/05/2024 12:07:34,63.440114,10.351463,0101000020E6100000128255F5F2B324408041D2A755B84F40
25729,03/05/2024 12:07:35,63.44011,10.351462,0101000020E6100000D192C7D3F2B324403F52448655B84F40
25728,03/05/2024 12:07:37,63.440107,10.351463,0101000020E6100000128255F5F2B32440CEDE196D55B84F40
25727,03/05/2024 12:07:39,63.440105,10.351472,0101000020E61000005FEB5223F4B324402DE7525C55B84F40
25726,03/05/2024 12:07:41,63.440106,10.351492,0101000020E61000007C9C69C2F6B32440FE62B66455B84F40
25725,03/05/2024 12:07:42,63.440107,10.3515,0101000020E61000008716D9CEF7B32440CEDE196D55B84F40
25724,03/05/2024 12:07:43,63.440106,10.351509,0101000020E6100000D47FD6FCF8B32440FE62B66455B84F40
25723,03/05/2024 12:07:46,63.440104,10.35154,0101000020E6100000C078060DFDB324405D6BEF5355B84F40
25722,03/05/2024 12:07:47,63.440103,10.35155,0101000020E61000004ED1915CFEB324408DEF8B4B55B84F40
25721,03/05/2024 12:07:48,63.440102,10.35156,0101000020E6100000DC291DACFFB32440BC73284355B84F40
25720,03/05/2024 12:07:50,63.440103,10.351584,0101000020E6100000FE976BD102B424408DEF8B4B55B84F40
25719,03/05/2024 12:07:51,63.440104,10.351598,0101000020E610000092AD2EA704B424405D6BEF5355B84F40
25718,03/05/2024 12:07:52,63.440107,10.351612,0101000020E610000026C3F17C06B42440CEDE196D55B84F40
25717,03/05/2024 12:07:53,63.44011,10.351628,0101000020E61000003DB7D09508B424403F52448655B84F40
25716,03/05/2024 12:07:54,63.440114,10.351642,0101000020E6100000D1CC936B0AB424408041D2A755B84F40
25715,03/05/2024 12:07:55,63.440118,10.351658,0101000020E6100000E7C072840CB42440C23060C955B84F40
25714,03/05/2024 12:07:57,63.440123,10.351675,0101000020E610000040A4DFBE0EB42440D49B51F355B84F40
25713,03/05/2024 12:07:58,63.440126,10.351687,0101000020E610000051DB865110B42440450F7C0C56B84F40
25712,03/05/2024 12:07:59,63.440133,10.351714,0101000020E610000037177FDB13B42440F771344756B84F40
25711,03/05/2024 12:08:00,63.440138,10.351732,0101000020E6100000D1E9793716B4244009DD257156B84F40
25710,03/05/2024 12:08:01,63.440144,10.351751,0101000020E6100000ACAB02B518B42440EBC37AA356B84F40
25709,03/05/2024 12:08:02,63.440153,10.35177,0101000020E6100000876D8B321BB424403E1EFAEE56B84F40
25708,03/05/2024 12:08:03,63.440161,10.351787,0101000020E6100000DF50F86C1DB42440C1FC153257B84F40
25707,03/05/2024 12:08:04,63.440169,10.351805,0101000020E61000007823F3C81FB4244044DB317557B84F40
25706,03/05/2024 12:08:05,63.440175,10.351821,0101000020E61000008F17D2E121B4244026C286A757B84F40
25705,03/05/2024 12:08:06,63.440182,10.351837,0101000020E6100000A60BB1FA23B42440D9243FE257B84F40
25704,03/05/2024 12:08:07,63.440189,10.351856,0101000020E610000081CD397826B424408B87F71C58B84F40
25703,03/05/2024 12:08:08,63.440198,10.351876,0101000020E61000009D7E501729B42440DEE1766858B84F40
25702,03/05/2024 12:08:09,63.440206,10.351893,0101000020E6100000F561BD512BB4244061C092AB58B84F40
25701,03/05/2024 12:08:10,63.440215,10.351911,0101000020E61000008F34B8AD2DB42440B41A12F758B84F40
25700,03/05/2024 12:08:11,63.440224,10.351926,0101000020E6100000643909A52FB424400875914259B84F40
25699,03/05/2024 12:08:12,63.440233,10.351942,0101000020E61000007B2DE8BD31B424405BCF108E59B84F40
25698,03/05/2024 12:08:13,63.440244,10.351959,0101000020E6100000D31055F833B424404F2157EA59B84F40
25697,03/05/2024 12:08:14,63.440255,10.351977,0101000020E61000006DE34F5436B4244043739D465AB84F40
25696,03/05/2024 12:08:16,63.440274,10.352003,0101000020E61000001230BABC39B42440B9A3FFE55AB84F40
25695,03/05/2024 12:08:17,63.440285,10.352016,0101000020E61000006456EF703BB42440ADF545425BB84F40
25694,03/05/2024 12:08:18,63.440295,10.352028,0101000020E6100000758D96033DB42440D1CB28965BB84F40
25693,03/05/2024 12:08:19,63.440307,10.352042,0101000020E610000009A359D93EB424409599D2FA5BB84F40
25692,03/05/2024 12:08:20,63.440317,10.352055,0101000020E61000005CC98E8D40B42440B96FB54E5CB84F40
25691,03/05/2024 12:08:21,63.440329,10.352069,0101000020E6100000F0DE516342B424407D3D5FB35CB84F40
25690,03/05/2024 12:08:22,63.44034,10.352081,0101000020E61000000116F9F543B42440718FA50F5DB84F40
25689,03/05/2024 12:08:23,63.44035,10.352095,0101000020E6100000952BBCCB45B42440946588635DB84F40
25688,03/05/2024 12:08:24,63.44036,10.352107,0101000020E6100000A662635E47B42440B83B6BB75DB84F40
25687,03/05/2024 12:08:25,63.440372,10.352117,0101000020E610000034BBEEAD48B424407C09151C5EB84F40
25686,03/05/2024 12:08:26,63.440384,10.35213,0101000020E610000086E123624AB4244040D7BE805EB84F40
25685,03/05/2024 12:08:27,63.440398,10.352142,0101000020E61000009718CBF44BB42440A59C2FF65EB84F40
25684,03/05/2024 12:08:28,63.440411,10.352153,0101000020E61000006760E4654DB424403AE63C635FB84F40
25683,03/05/2024 12:08:29,63.440423,10.352164,0101000020E610000037A8FDD64EB42440FEB3E6C75FB84F40
25682,03/05/2024 12:08:30,63.440436,10.352169,0101000020E61000007E54C37E4FB4244093FDF33460B84F40
25681,03/05/2024 12:08:31,63.440449,10.352176,0101000020E610000048DFA46950B42440274701A260B84F40
25680,03/05/2024 12:08:33,63.440462,10.352184,0101000020E61000005359147651B42440BC900E0F61B84F40
25679,03/05/2024 12:08:34,63.440485,10.352196,0101000020E61000006490BB0853B4244074B0FECF61B84F40
25678,03/05/2024 12:08:35,63.440497,10.352208,0101000020E610000075C7629B54B42440397EA83462B84F40
25677,03/05/2024 12:08:36,63.440506,10.352219,0101000020E6100000450F7C0C56B424408CD8278062B84F40
25676,03/05/2024 12:08:37,63.440513,10.35223,0101000020E61000001457957D57B424403E3BE0BA62B84F40
25675,03/05/2024 12:08:38,63.440523,10.352242,0101000020E6100000268E3C1059B424406211C30E63B84F40
25674,03/05/2024 12:08:39,63.440532,10.352255,0101000020E610000078B471C45AB42440B56B425A63B84F40
25673,03/05/2024 12:08:40,63.440543,10.352267,0101000020E610000089EB18575CB42440A9BD88B663B84F40
25672,03/05/2024 12:08:41,63.440555,10.352277,0101000020E61000001744A4A65DB424406D8B321B64B84F40
25671,03/05/2024 12:08:42,63.440566,10.352285,0101000020E610000023BE13B35EB4244061DD787764B84F40
25670,03/05/2024 12:08:43,63.440576,10.352296,0101000020E6100000F2052D2460B4244085B35BCB64B84F40
25669,03/05/2024 12:08:44,63.440588,10.352306,0101000020E6100000805EB87361B424404981053065B84F40
25668,03/05/2024 12:08:45,63.440602,10.352313,0101000020E61000004AE9995E62B42440AE4676A565B84F40
25667,03/05/2024 12:08:46,63.440617,10.352322,0101000020E61000009752978C63B42440E3874A2366B84F40
25666,03/05/2024 12:08:47,63.440635,10.352326,0101000020E61000009D0FCF1264B424408A3C49BA66B84F40
25665,03/05/2024 12:08:48,63.440649,10.352334,0101000020E6100000A8893E1F65B42440EF01BA2F67B84F40
25664,03/05/2024 12:08:49,63.44066,10.352344,0101000020E610000036E2C96E66B42440E253008C67B84F40
25663,03/05/2024 12:08:50,63.440671,10.352354,0101000020E6100000C53A55BE67B42440D6A546E867B84F40
25662,03/05/2024 12:08:52,63.440692,10.352374,0101000020E6100000E1EB6B5D6AB42440EECD6F9868B84F40
25661,03/05/2024 12:08:53,63.440703,10.352383,0101000020E61000002E55698B6BB42440E21FB6F468B84F40
25660,03/05/2024 12:08:54,63.440715,10.352393,0101000020E6100000BCADF4DA6CB42440A6ED5F5969B84F40
25659,03/05/2024 12:08:55,63.440727,10.352403,0101000020E61000004A06802A6EB424406ABB09BE69B84F40
25658,03/05/2024 12:08:56,63.44074,10.352413,0101000020E6100000D95E0B7A6FB42440FF04172B6AB84F40
25657,03/05/2024 12:08:58,63.44075,10.352423,0101000020E610000067B796C970B4244022DBF97E6AB84F40
25656,03/05/2024 12:08:59,63.440761,10.352431,0101000020E6100000723106D671B42440162D40DB6AB84F40
25655,03/05/2024 12:09:00,63.440782,10.352456,0101000020E6100000D68EE21C75B424402E55698B6BB84F40
25654,03/05/2024 12:09:01,63.440794,10.352463,0101000020E6100000A019C40776B42440F22213F06BB84F40
25653,03/05/2024 12:09:02,63.440803,10.35247,0101000020E61000006AA4A5F276B42440457D923B6CB84F40
25652,03/05/2024 12:09:03,63.440812,10.352477,0101000020E6100000342F87DD77B4244098D711876CB84F40
25651,03/05/2024 12:09:04,63.440825,10.352483,0101000020E6100000BCCADAA678B424402D211FF46CB84F40
25650,03/05/2024 12:09:05,63.440838,10.35249,0101000020E61000008655BC9179B42440C26A2C616DB84F40
25649,03/05/2024 12:09:06,63.440854,10.352495,0101000020E6100000CD0182397AB42440C72764E76DB84F40
25648,03/05/2024 12:09:08,63.440881,10.35251,0101000020E6100000A206D3307CB42440C136E2C96EB84F40
25647,03/05/2024 12:09:10,63.440893,10.352514,0101000020E6100000A8C30AB77CB4244085048C2E6FB84F40
25646,03/05/2024 12:10:11,63.440996,10.352136,0101000020E61000000F7D772B4BB424405AD5928E72B84F40
25645,03/05/2024 12:11:11,63.440952,10.352034,0101000020E6100000FE28EACC3DB424408A8D791D71B84F40
25644,03/05/2024 12:12:12,63.440913,10.351934,0101000020E610000070B378B130B42440CCB051D66FB84F40
25643,03/05/2024 12:13:12,63.440881,10.351989,0101000020E61000007E1AF7E637B42440C136E2C96EB84F40
25642,03/05/2024 12:14:13,63.440846,10.351939,0101000020E6100000B75F3E5931B42440454948A46DB84F40
25641,03/05/2024 12:15:13,63.440824,10.351889,0101000020E6100000F0A485CB2AB424405DA5BBEB6CB84F40
25640,03/05/2024 12:16:14,63.440784,10.351988,0101000020E61000003D2B69C537B42440CE4C309C6BB84F40
25639,03/05/2024 12:17:14,63.440732,10.351949,0101000020E610000045B8C9A832B424407C26FBE769B84F40
25638,03/05/2024 12:18:14,63.440717,10.351959,0101000020E6100000D31055F833B4244047E5266A69B84F40
25637,03/05/2024 12:19:15,63.440641,10.351879,0101000020E6100000624CFA7B29B424406C239EEC66B84F40
25636,03/05/2024 12:20:16,63.440606,10.351797,0101000020E61000006DA983BC1EB42440EF3504C765B84F40
25635,03/05/2024 12:21:16,63.440572,10.351915,0101000020E610000095F1EF332EB4244043C4CDA964B84F40
25634,03/05/2024 12:22:17,63.440582,10.352,0101000020E61000004E62105839B42440679AB0FD64B84F40
25633,03/05/2024 12:23:18,63.440566,10.351982,0101000020E6100000B48F15FC36B4244061DD787764B84F40
25632,03/05/2024 12:24:18,63.440608,10.352026,0101000020E6100000F3AE7AC03CB42440902DCBD765B84F40
25631,03/05/2024 12:25:19,63.440622,10.351994,0101000020E6100000C5C6BC8E38B42440F5F23B4D66B84F40
25630,03/05/2024 12:26:19,63.440631,10.352019,0101000020E6100000292499D53BB42440484DBB9866B84F40
25629,03/05/2024 12:27:20,63.440607,10.352071,0101000020E610000072BD6DA642B42440C0B167CF65B84F40
25628,03/05/2024 12:28:21,63.440626,10.352185,0101000020E61000009548A29751B4244036E2C96E66B84F40
25627,03/05/2024 12:29:21,63.440629,10.352325,0101000020E61000005B2041F163B42440A755F48766B84F40
25626,03/05/2024 12:30:22,63.440588,10.352515,0101000020E6100000EAB298D87CB424404981053065B84F40
25625,03/05/2024 12:31:23,63.440554,10.352638,0101000020E610000058A7CAF78CB424409D0FCF1264B84F40
25624,03/05/2024 12:32:24,63.440496,10.352787,0101000020E61000006CE8667FA0B424406802452C62B84F40
25623,03/05/2024 12:33:25,63.440434,10.352914,0101000020E6100000E199D024B1B42440F2052D2460B84F40
25622,03/05/2024 12:34:25,63.440383,10.353076,0101000020E61000004701A260C6B42440705B5B785EB84F40
25621,03/05/2024 12:35:26,63.440334,10.353134,0101000020E61000001936CAFACDB424408FA850DD5CB84F40
25620,03/05/2024 12:36:26,63.440296,10.353175,0101000020E61000009487855AD3B42440A1478C9E5BB84F40
25619,03/05/2024 12:37:27,63.440295,10.353402,0101000020E610000096AE601BF1B42440D1CB28965BB84F40
25618,03/05/2024 12:38:27,63.440257,10.35356,0101000020E6100000F758FAD005B52440E36A64575AB84F40
25617,03/05/2024 12:39:27,63.440237,10.353672,0101000020E61000009605137F14B524409CBE9EAF59B84F40
25616,03/05/2024 12:40:28,63.440196,10.353812,0101000020E61000005DDDB1D826B524403EEAAF5758B84F40
25615,03/05/2024 12:41:28,63.440186,10.353983,0101000020E610000010AE80423DB524401A14CD0358B84F40
25614,03/05/2024 12:42:28,63.440183,10.354143,0101000020E6100000F336363B52B52440A9A0A2EA57B84F40
25613,03/05/2024 12:43:29,63.440178,10.354264,0101000020E6100000DF4C4C1762B524409735B1C057B84F40
25612,03/05/2024 12:44:30,63.440136,10.354431,0101000020E61000008D60E3FA77B5244068E55E6056B84F40
25611,03/05/2024 12:45:31,63.440048,10.354557,0101000020E6100000C022BF7E88B52440C9552C7E53B84F40
25610,03/05/2024 12:46:31,63.439992,10.354729,0101000020E6100000B4E21B0A9FB52440354069A851B84F40
25609,03/05/2024 12:47:32,63.439884,10.354824,0101000020E6100000FBABC77DABB524404F04711E4EB84F40
25608,03/05/2024 12:48:32,63.439932,10.355007,0101000020E6100000BFB33D7AC3B52440603B18B14FB84F40
25607,03/05/2024 12:49:33,63.439897,10.355189,0101000020E610000042CC2555DBB52440E34D7E8B4EB84F40
25606,03/05/2024 12:50:33,63.439821,10.35536,0101000020E6100000F59CF4BEF1B52440088CF50D4CB84F40
25605,03/05/2024 12:51:33,63.439803,10.35547,0101000020E6100000126BF12900B6244062D7F6764BB84F40
25604,03/05/2024 12:52:34,63.439759,10.355669,0101000020E6100000EC66463F1AB62440928FDD054AB84F40
25603,03/05/2024 12:53:34,63.439696,10.355839,0101000020E61000005E48878730B624404C1762F547B84F40
25602,03/05/2024 12:54:35,63.439669,10.356062,0101000020E61000005BB22AC24DB624405208E41247B84F40
25601,03/05/2024 12:55:36,63.439607,10.35626,0101000020E6100000F4BEF1B567B62440DC0BCC0A45B84F40
25600,03/05/2024 12:56:37,63.439534,10.35644,0101000020E6100000F4F8BD4D7FB6244072BD6DA642B84F40
25599,03/05/2024 12:57:37,63.439469,10.356621,0101000020E61000003522180797B624408B4D2B8540B84F40
25598,03/05/2024 12:58:37,63.43939,10.356756,0101000020E6100000B54DF1B8A8B624403F1878EE3DB84F40
25597,03/05/2024 12:59:37,63.439344,10.356979,0101000020E6100000B2B794F3C5B62440CFD8976C3CB84F40
25596,03/05/2024 13:00:37,63.439292,10.357204,0101000020E610000032005471E3B624407CB262B83AB84F40
25595,03/05/2024 13:01:37,63.439254,10.35724,0101000020E610000065A54929E8B624408F519E7939B84F40
25594,03/05/2024 13:02:38,63.439241,10.357287,0101000020E610000068925852EEB62440FA07910C39B84F40
25593,03/05/2024 13:03:39,63.439245,10.357387,0101000020E6100000F607CA6DFBB624403CF71E2E39B84F40
25592,03/05/2024 13:03:49,63.439244,10.357457,0101000020E6100000DA73999A04B724406B7BBB2539B84F40
25591,03/05/2024 13:03:50,63.439246,10.357458,0101000020E61000001B6327BC04B724400C73823639B84F40
25590,03/05/2024 13:03:51,63.439245,10.357462,0101000020E610000021205F4205B724403CF71E2E39B84F40
25589,03/05/2024 13:03:52,63.439247,10.357472,0101000020E6100000AF78EA9106B72440DCEEE53E39B84F40
25588,03/05/2024 13:03:53,63.439246,10.357483,0101000020E61000007FC0030308B724400C73823639B84F40
25587,03/05/2024 13:03:54,63.439243,10.357491,0101000020E61000008A3A730F09B724409BFF571D39B84F40
25586,03/05/2024 13:03:56,63.43924,10.357503,0101000020E61000009B711AA20AB724402A8C2D0439B84F40
25585,03/05/2024 13:03:57,63.439237,10.357511,0101000020E6100000A6EB89AE0BB72440B91803EB38B84F40
25584,03/05/2024 13:03:58,63.439234,10.35752,0101000020E6100000F35487DC0CB7244048A5D8D138B84F40
25583,03/05/2024 13:04:00,63.439232,10.357539,0101000020E6100000CE16105A0FB72440A7AD11C138B84F40
25582,03/05/2024 13:04:01,63.439229,10.357549,0101000020E61000005C6F9BA910B72440363AE7A738B84F40
25581,03/05/2024 13:04:02,63.439227,10.35756,0101000020E61000002CB7B41A12B724409542209738B84F40
25580,03/05/2024 13:04:03,63.439221,10.35759,0101000020E6100000D7C0560916B72440B35BCB6438B84F40
25579,03/05/2024 13:04:04,63.439219,10.3576,0101000020E61000006519E25817B724401264045438B84F40
25578,03/05/2024 13:04:05,63.439212,10.357611,0101000020E61000003561FBC918B7244060014C1938B84F40
25577,03/05/2024 13:04:06,63.439205,10.357617,0101000020E6100000BDFC4E9319B72440AD9E93DE37B84F40
25576,03/05/2024 13:04:07,63.4392,10.357627,0101000020E61000004B55DAE21AB724409C33A2B437B84F40
25575,03/05/2024 13:04:08,63.439191,10.35764,0101000020E61000009E7B0F971CB7244048D9226937B84F40
25574,03/05/2024 13:04:09,63.439181,10.357648,0101000020E6100000A9F57EA31DB724402503401537B84F40
25573,03/05/2024 13:04:10,63.439171,10.357653,0101000020E6100000F0A1444B1EB72440012D5DC136B84F40
25572,03/05/2024 13:04:11,63.439163,10.357651,0101000020E61000006DC328081EB724407F4E417E36B84F40
25571,03/05/2024 13:04:12,63.439157,10.357646,0101000020E6100000261763601DB724409C67EC4B36B84F40
25570,03/05/2024 13:04:13,63.439148,10.357644,0101000020E6100000A338471D1DB72440490D6D0036B84F40
25569,03/05/2024 13:04:14,63.439141,10.35764,0101000020E61000009E7B0F971CB7244097AAB4C535B84F40
25568,03/05/2024 13:04:16,63.439134,10.357633,0101000020E6100000D4F02DAC1BB72440E447FC8A35B84F40
25567,03/05/2024 13:04:17,63.439128,10.357631,0101000020E6100000511212691BB724400261A75835B84F40
25566,03/05/2024 13:04:18,63.439125,10.357625,0101000020E6100000C876BE9F1AB7244091ED7C3F35B84F40
25565,03/05/2024 13:04:19,63.43912,10.357613,0101000020E6100000B73F170D19B724407F828B1535B84F40
25564,03/05/2024 13:04:21,63.439111,10.357564,0101000020E61000003274ECA012B724402C280CCA34B84F40
25563,03/05/2024 13:04:22,63.439109,10.357546,0101000020E610000098A1F14410B724408B3045B934B84F40
25562,03/05/2024 13:04:23,63.439108,10.357529,0101000020E610000040BE840A0EB72440BBB4E1B034B84F40
25561,03/05/2024 13:04:24,63.439105,10.357517,0101000020E61000002F87DD770CB724404A41B79734B84F40
25560,03/05/2024 13:04:25,63.439104,10.3575,0101000020E6100000D7A3703D0AB724407AC5538F34B84F40
25559,03/05/2024 13:04:26,63.439107,10.357476,0101000020E6100000B535221807B72440EB387EA834B84F40
25558,03/05/2024 13:04:27,63.439106,10.357453,0101000020E6100000D4B6611404B724401ABD1AA034B84F40
25557,03/05/2024 13:04:28,63.439108,10.357426,0101000020E6100000EE7A698A00B72440BBB4E1B034B84F40
25556,03/05/2024 13:04:29,63.439111,10.357396,0101000020E61000004371C79BFCB624402C280CCA34B84F40
25555,03/05/2024 13:04:31,63.439117,10.357363,0101000020E6100000D4997B48F8B624400E0F61FC34B84F40
25554,03/05/2024 13:04:32,63.439124,10.357321,0101000020E6100000185932C7F2B62440C171193735B84F40
25553,03/05/2024 13:04:33,63.439131,10.357283,0101000020E610000062D520CCEDB6244073D4D17135B84F40
25552,03/05/2024 13:04:34,63.439136,10.35725,0101000020E6100000F3FDD478E9B62440853FC39B35B84F40
25551,03/05/2024 13:04:35,63.439141,10.357217,0101000020E610000085268925E5B6244097AAB4C535B84F40
25550,03/05/2024 13:04:36,63.439147,10.357182,0101000020E61000009370218FE0B62440799109F835B84F40
25549,03/05/2024 13:04:37,63.43916,10.357113,0101000020E6100000F1F3DF83D7B624400DDB166536B84F40
25548,03/05/2024 13:04:38,63.439166,10.357078,0101000020E6100000FF3D78EDD2B62440F0C16B9736B84F40
25547,03/05/2024 13:04:39,63.439175,10.357046,0101000020E6100000D255BABBCEB62440431CEBE236B84F40
25546,03/05/2024 13:04:40,63.439183,10.357012,0101000020E6100000218FE046CAB62440C6FA062637B84F40
25545,03/05/2024 13:04:41,63.439192,10.356976,0101000020E6100000EEE9EA8EC5B624401955867137B84F40
25544,03/05/2024 13:04:42,63.439201,10.356939,0101000020E6100000795567B5C0B624406CAF05BD37B84F40
25543,03/05/2024 13:04:43,63.439212,10.356901,0101000020E6100000C3D155BABBB6244060014C1938B84F40
25542,03/05/2024 13:04:44,63.439222,10.356865,0101000020E6100000902C6002B7B6244083D72E6D38B84F40
25541,03/05/2024 13:04:45,63.439233,10.356824,0101000020E610000016DBA4A2B1B62440772975C938B84F40
25540,03/05/2024 13:04:46,63.439241,10.356789,0101000020E610000024253D0CADB62440FA07910C39B84F40
25539,03/05/2024 13:04:47,63.43925,10.356754,0101000020E6100000326FD575A8B624404D62105839B84F40
25538,03/05/2024 13:04:48,63.439259,10.356718,0101000020E6100000FFC9DFBDA3B62440A1BC8FA339B84F40
25537,03/05/2024 13:04:49,63.439268,10.356682,0101000020E6100000CC24EA059FB62440F4160FEF39B84F40
25536,03/05/2024 13:04:51,63.439277,10.356644,0101000020E610000016A1D80A9AB6244047718E3A3AB84F40
25535,03/05/2024 13:04:52,63.439287,10.356607,0101000020E6100000A20C553195B624406B47718E3AB84F40
25534,03/05/2024 13:04:53,63.439298,10.356569,0101000020E6100000EC88433690B624405E99B7EA3AB84F40
25533,03/05/2024 13:04:54,63.439309,10.356533,0101000020E6100000B8E34D7E8BB6244052EBFD463BB84F40
25532,03/05/2024 13:04:55,63.439321,10.356497,0101000020E6100000853E58C686B6244017B9A7AB3BB84F40
25531,03/05/2024 13:04:56,63.43934,10.356423,0101000020E61000009C1551137DB624408DE9094B3CB84F40
25530,03/05/2024 13:04:57,63.439349,10.356388,0101000020E6100000AA5FE97C78B62440E14389963CB84F40
25529,03/05/2024 13:04:58,63.439361,10.356352,0101000020E610000077BAF3C473B62440A51133FB3CB84F40
25528,03/05/2024 13:04:59,63.43937,10.356313,0101000020E6100000804754A86EB62440F86BB2463DB84F40
25527,03/05/2024 13:05:00,63.439379,10.356275,0101000020E6100000CAC342AD69B624404BC631923DB84F40
25526,03/05/2024 13:05:01,63.439387,10.35624,0101000020E6100000D80DDB1665B62440CEA44DD53DB84F40
25525,03/05/2024 13:05:02,63.439397,10.356205,0101000020E6100000E657738060B62440F27A30293EB84F40
25524,03/05/2024 13:05:03,63.439409,10.356168,0101000020E610000072C3EFA65BB62440B648DA8D3EB84F40
25523,03/05/2024 13:05:04,63.439421,10.35613,0101000020E6100000BC3FDEAB56B624407A1684F23EB84F40
25522,03/05/2024 13:05:05,63.439433,10.356094,0101000020E6100000889AE8F351B624403EE42D573FB84F40
25521,03/05/2024 13:05:06,63.439444,10.356059,0101000020E610000097E4805D4DB62440323674B33FB84F40
25520,03/05/2024 13:05:08,63.439457,10.356021,0101000020E6100000E1606F6248B62440C77F812040B84F40
25519,03/05/2024 13:05:09,63.439468,10.355985,0101000020E6100000ADBB79AA43B62440BBD1C77C40B84F40
25518,03/05/2024 13:05:10,63.439478,10.355948,0101000020E61000003927F6D03EB62440DEA7AAD040B84F40
25517,03/05/2024 13:05:11,63.439489,10.355914,0101000020E610000089601C5C3AB62440D2F9F02C41B84F40
25516,03/05/2024 13:05:12,63.439499,10.355878,0101000020E610000055BB26A435B62440F6CFD38041B84F40
25515,03/05/2024 13:05:13,63.43952,10.355806,0101000020E6100000EF703B342CB624400DF8FC3042B84F40
25514,03/05/2024 13:05:14,63.43953,10.355769,0101000020E61000007ADCB75A27B6244031CEDF8442B84F40
25513,03/05/2024 13:05:15,63.439542,10.355734,0101000020E6100000892650C422B62440F59B89E942B84F40
25512,03/05/2024 13:05:16,63.439554,10.355699,0101000020E61000009770E82D1EB62440B969334E43B84F40
25511,03/05/2024 13:05:17,63.439565,10.355666,0101000020E610000028999CDA19B62440ADBB79AA43B84F40
25510,03/05/2024 13:05:18,63.439577,10.355634,0101000020E6100000FBB0DEA815B624407289230F44B84F40
25509,03/05/2024 13:05:19,63.439589,10.355602,0101000020E6100000CDC8207711B624403657CD7344B84F40
25508,03/05/2024 13:05:20,63.439602,10.355568,0101000020E61000001D0247020DB62440CAA0DAE044B84F40
25507,03/05/2024 13:05:21,63.439614,10.355537,0101000020E6100000310917F208B624408F6E844545B84F40
25506,03/05/2024 13:05:22,63.439624,10.3555,0101000020E6100000BC74931804B62440B244679945B84F40
25505,03/05/2024 13:05:23,63.439635,10.355464,0101000020E610000089CF9D60FFB52440A696ADF545B84F40
25504,03/05/2024 13:05:24,63.439646,10.355426,0101000020E6100000D34B8C65FAB524409AE8F35146B84F40
25503,03/05/2024 13:05:25,63.439656,10.355389,0101000020E61000005EB7088CF5B52440BEBED6A546B84F40
25502,03/05/2024 13:05:26,63.439665,10.355351,0101000020E6100000A833F790F0B52440111956F146B84F40
25501,03/05/2024 13:05:27,63.439674,10.355314,0101000020E6100000349F73B7EBB524406473D53C47B84F40
25500,03/05/2024 13:05:29,63.439683,10.355279,0101000020E610000042E90B21E7B52440B7CD548847B84F40
25499,03/05/2024 13:05:30,63.439694,10.355242,0101000020E6100000CD548847E2B52440AB1F9BE447B84F40
25498,03/05/2024 13:05:31,63.439704,10.355206,0101000020E61000009AAF928FDDB52440CFF57D3848B84F40
25497,03/05/2024 13:05:32,63.439713,10.35517,0101000020E6100000670A9DD7D8B524402250FD8348B84F40
25496,03/05/2024 13:05:33,63.439723,10.355133,0101000020E6100000F37519FED3B524404526E0D748B84F40
25495,03/05/2024 13:05:34,63.439742,10.355055,0101000020E61000000490DAC4C9B52440BC56427749B84F40
25494,03/05/2024 13:05:35,63.439749,10.355016,0101000020E61000000C1D3BA8C4B524406FB9FAB149B84F40
25493,03/05/2024 13:05:36,63.439756,10.35498,0101000020E6100000D97745F0BFB52440211CB3EC49B84F40
25492,03/05/2024 13:05:37,63.439763,10.354943,0101000020E610000064E3C116BBB52440D47E6B274AB84F40
25491,03/05/2024 13:05:38,63.439772,10.354904,0101000020E61000006D7022FAB5B5244027D9EA724AB84F40
25490,03/05/2024 13:05:39,63.439781,10.354866,0101000020E6100000B7EC10FFB0B524407A336ABE4AB84F40
25489,03/05/2024 13:05:40,63.439788,10.354829,0101000020E610000042588D25ACB524402D9622F94AB84F40
25488,03/05/2024 13:05:41,63.439795,10.354792,0101000020E6100000CEC3094CA7B52440DFF8DA334BB84F40
25487,03/05/2024 13:05:42,63.439804,10.354755,0101000020E6100000592F8672A2B5244032535A7F4BB84F40
25486,03/05/2024 13:05:43,63.439813,10.354718,0101000020E6100000E59A02999DB5244085ADD9CA4BB84F40
25485,03/05/2024 13:05:44,63.439821,10.354681,0101000020E610000070067FBF98B52440088CF50D4CB84F40
25484,03/05/2024 13:05:46,63.439827,10.354647,0101000020E6100000C03FA54A94B52440EA724A404CB84F40
25483,03/05/2024 13:05:47,63.439836,10.35461,0101000020E61000004BAB21718FB524403ECDC98B4CB84F40
25482,03/05/2024 13:05:48,63.439844,10.354571,0101000020E6100000543882548AB52440C0ABE5CE4CB84F40
25481,03/05/2024 13:05:49,63.439853,10.354533,0101000020E61000009EB4705985B524401406651A4DB84F40
25480,03/05/2024 13:05:50,63.439863,10.354495,0101000020E6100000E8305F5E80B5244037DC476E4DB84F40
25479,03/05/2024 13:05:51,63.439873,10.354457,0101000020E610000032AD4D637BB524405BB22AC24DB84F40
25478,03/05/2024 13:05:52,63.439883,10.354419,0101000020E61000007C293C6876B524407E880D164EB84F40
25477,03/05/2024 13:05:53,63.439902,10.354339,0101000020E61000000A65E1EB6BB52440F5B86FB54EB84F40
25476,03/05/2024 13:05:54,63.439912,10.354296,0101000020E61000000D350A4966B52440198F52094FB84F40
25475,03/05/2024 13:05:55,63.43992,10.354258,0101000020E610000057B1F84D61B524409B6D6E4C4FB84F40
25474,03/05/2024 13:05:56,63.439929,10.354222,0101000020E6100000240C03965CB52440EFC7ED974FB84F40
25473,03/05/2024 13:05:57,63.439937,10.354184,0101000020E61000006E88F19A57B5244072A609DB4FB84F40
25472,03/05/2024 13:05:58,63.439946,10.354146,0101000020E6100000B804E09F52B52440C500892650B84F40
25471,03/05/2024 13:05:59,63.439955,10.354104,0101000020E6100000FCC3961E4DB52440185B087250B84F40
25470,03/05/2024 13:06:00,63.439964,10.354066,0101000020E61000004640852348B524406BB587BD50B84F40
25469,03/05/2024 13:06:01,63.439973,10.354034,0101000020E61000001958C7F143B52440BE0F070951B84F40
25468,03/05/2024 13:06:02,63.439982,10.354002,0101000020E6100000EB6F09C03FB52440126A865451B84F40
25467,03/05/2024 13:06:03,63.439989,10.353969,0101000020E61000007C98BD6C3BB52440C4CC3E8F51B84F40
25466,03/05/2024 13:06:05,63.439997,10.353939,0101000020E6100000D18E1B7E37B5244047AB5AD251B84F40
25465,03/05/2024 13:06:06,63.440004,10.353907,0101000020E6100000A4A65D4C33B52440F90D130D52B84F40
25464,03/05/2024 13:06:07,63.44001,10.353877,0101000020E6100000F99CBB5D2FB52440DBF4673F52B84F40
25463,03/05/2024 13:06:08,63.440018,10.353843,0101000020E610000049D6E1E82AB524405ED3838252B84F40
25462,03/05/2024 13:06:09,63.440026,10.353812,0101000020E61000005DDDB1D826B52440E1B19FC552B84F40
25461,03/05/2024 13:06:10,63.440043,10.353743,0101000020E6100000BB6070CD1DB52440B7EA3A5453B84F40
25460,03/05/2024 13:06:11,63.440053,10.353705,0101000020E610000005DD5ED218B52440DBC01DA853B84F40
25459,03/05/2024 13:06:12,63.440064,10.353674,0101000020E610000019E42EC214B52440CF12640454B84F40
25458,03/05/2024 13:06:13,63.440077,10.353639,0101000020E6100000272EC72B10B52440635C717154B84F40
25457,03/05/2024 13:06:14,63.440091,10.353605,0101000020E61000007767EDB60BB52440C821E2E654B84F40
25456,03/05/2024 13:06:15,63.440104,10.353573,0101000020E6100000497F2F8507B524405D6BEF5355B84F40
25455,03/05/2024 13:06:16,63.440117,10.353539,0101000020E610000099B8551003B52440F1B4FCC055B84F40
25454,03/05/2024 13:06:17,63.44013,10.353504,0101000020E6100000A702EE79FEB4244086FE092E56B84F40
25453,03/05/2024 13:06:18,63.440142,10.353469,0101000020E6100000B54C86E3F9B424404ACCB39256B84F40
25452,03/05/2024 13:06:19,63.440155,10.353434,0101000020E6100000C4961E4DF5B42440DF15C1FF56B84F40
25451,03/05/2024 13:06:20,63.440169,10.353398,0101000020E610000091F12895F0B4244044DB317557B84F40
25450,03/05/2024 13:06:21,63.440182,10.353361,0101000020E61000001C5DA5BBEBB42440D9243FE257B84F40
25449,03/05/2024 13:06:22,63.440195,10.353324,0101000020E6100000A7C821E2E6B424406D6E4C4F58B84F40
25448,03/05/2024 13:06:23,63.440209,10.353288,0101000020E610000074232C2AE2B42440D233BDC458B84F40
25447,03/05/2024 13:06:25,63.440225,10.353253,0101000020E6100000826DC493DDB42440D8F0F44A59B84F40
25446,03/05/2024 13:06:26,63.440239,10.353218,0101000020E610000091B75CFDD8B424403DB665C059B84F40
25445,03/05/2024 13:06:27,63.440252,10.353182,0101000020E61000005E126745D4B42440D1FF722D5AB84F40
25444,03/05/2024 13:06:28,63.440267,10.353146,0101000020E61000002A6D718DCFB42440074147AB5AB84F40
25443,03/05/2024 13:06:29,63.440282,10.353106,0101000020E6100000F20A444FCAB424403C821B295BB84F40
25442,03/05/2024 13:06:30,63.44031,10.353034,0101000020E61000008BC058DFC0B42440060DFD135CB84F40
25441,03/05/2024 13:06:31,63.440323,10.352999,0101000020E6100000990AF148BCB424409B560A815CB84F40
25440,03/05/2024 13:06:32,63.44034,10.352962,0101000020E610000025766D6FB7B42440718FA50F5DB84F40
25439,03/05/2024 13:06:33,63.440354,10.352925,0101000020E6100000B0E1E995B2B42440D65416855DB84F40
25438,03/05/2024 13:06:34,63.440371,10.35289,0101000020E6100000BF2B82FFADB42440AC8DB1135EB84F40
25437,03/05/2024 13:06:35,63.440384,10.352853,0101000020E61000004A97FE25A9B4244040D7BE805EB84F40
25436,03/05/2024 13:06:36,63.440401,10.352817,0101000020E610000017F2086EA4B4244016105A0F5FB84F40
25435,03/05/2024 13:06:37,63.440414,10.352781,0101000020E6100000E44C13B69FB42440AB59677C5FB84F40
25434,03/05/2024 13:06:38,63.44043,10.352746,0101000020E6100000F296AB1F9BB42440B1169F0260B84F40
25433,03/05/2024 13:06:39,63.440447,10.352714,0101000020E6100000C4AEEDED96B42440874F3A9160B84F40
25432,03/05/2024 13:06:40,63.440464,10.352681,0101000020E610000055D7A19A92B424405D88D51F61B84F40
25431,03/05/2024 13:06:41,63.440481,10.352647,0101000020E6100000A510C8258EB4244033C170AE61B84F40
25430,03/05/2024 13:06:42,63.4405,10.352615,0101000020E610000078280AF489B42440AAF1D24D62B84F40
25429,03/05/2024 13:06:44,63.440515,10.352586,0101000020E61000000E0EF62686B42440DF32A7CB62B84F40
25428,03/05/2024 13:06:45,63.440531,10.352554,0101000020E6100000E12538F581B42440E5EFDE5163B84F40
25427,03/05/2024 13:06:46,63.440546,10.35252,0101000020E6100000315F5E807DB424401A31B3CF63B84F40
25426,03/05/2024 13:06:47,63.440561,10.352486,0101000020E61000008098840B79B424404F72874D64B84F40
25425,03/05/2024 13:06:48,63.440576,10.352453,0101000020E610000011C138B874B4244085B35BCB64B84F40
25424,03/05/2024 13:06:49,63.440608,10.352389,0101000020E6100000B6F0BC546CB42440902DCBD765B84F40
25423,03/05/2024 13:06:50,63.440623,10.352358,0101000020E6100000CAF78C4468B42440C56E9F5566B84F40
25422,03/05/2024 13:06:51,63.440638,10.35233,0101000020E6100000A3CC069964B42440FBAF73D366B84F40
25421,03/05/2024 13:06:52,63.440654,10.352303,0101000020E6100000BC900E0F61B42440006DAB5967B84F40
25420,03/05/2024 13:06:53,63.440671,10.35227,0101000020E61000004DB9C2BB5CB42440D6A546E867B84F40
25419,03/05/2024 13:06:54,63.440684,10.352238,0101000020E610000020D1048A58B424406BEF535568B84F40
25418,03/05/2024 13:06:55,63.440698,10.352202,0101000020E6100000ED2B0FD253B42440D0B4C4CA68B84F40
25417,03/05/2024 13:06:56,63.440713,10.352167,0101000020E6100000FB75A73B4FB4244005F6984869B84F40
25416,03/05/2024 13:06:57,63.440728,10.352129,0101000020E610000045F295404AB424403B376DC669B84F40
25415,03/05/2024 13:06:59,63.440743,10.352095,0101000020E6100000952BBCCB45B42440707841446AB84F40
25414,03/05/2024 13:06:59,63.440757,10.352061,0101000020E6100000E464E25641B42440D53DB2B96AB84F40
25413,03/05/2024 13:07:00,63.440773,10.352021,0101000020E6100000AB02B5183CB42440DBFAE93F6BB84F40
25412,03/05/2024 13:07:02,63.440787,10.351984,0101000020E6100000376E313F37B4244040C05AB56BB84F40
25411,03/05/2024 13:07:03,63.440802,10.351952,0101000020E61000000986730D33B4244075012F336CB84F40
25410,03/05/2024 13:07:04,63.440817,10.351917,0101000020E610000018D00B772EB42440AA4203B16CB84F40
25409,03/05/2024 13:07:05,63.440829,10.351882,0101000020E6100000261AA4E029B424406E10AD156DB84F40
25408,03/05/2024 13:07:06,63.440842,10.351844,0101000020E6100000709692E524B42440035ABA826DB84F40
25407,03/05/2024 13:07:07,63.440865,10.351769,0101000020E6100000457EFD101BB42440BB79AA436EB84F40
25406,03/05/2024 13:07:08,63.440878,10.351734,0101000020E610000053C8957A16B4244050C3B7B06EB84F40
25405,03/05/2024 13:07:09,63.440891,10.351699,0101000020E610000062122EE411B42440E50CC51D6FB84F40
25404,03/05/2024 13:07:10,63.440907,10.351669,0101000020E6100000B7088CF50DB42440EAC9FCA36FB84F40
25403,03/05/2024 13:07:11,63.440922,10.35164,0101000020E61000004EEE77280AB42440200BD12170B84F40
25402,03/05/2024 13:07:12,63.440939,10.351612,0101000020E610000026C3F17C06B42440F6436CB070B84F40
25401,03/05/2024 13:07:13,63.440953,10.351589,0101000020E61000004544317903B424405B09DD2571B84F40
25400,03/05/2024 13:07:14,63.440968,10.351562,0101000020E61000005F0839EFFFB32440904AB1A371B84F40
25399,03/05/2024 13:07:15,63.440985,10.351534,0101000020E610000037DDB243FCB3244066834C3272B84F40
25398,03/05/2024 13:07:16,63.441001,10.351505,0101000020E6100000CEC29E76F8B324406C4084B872B84F40
25397,03/05/2024 13:07:17,63.441016,10.351475,0101000020E610000023B9FC87F4B32440A181583673B84F40
25396,03/05/2024 13:07:19,63.441032,10.351446,0101000020E6100000BA9EE8BAF0B32440A73E90BC73B84F40
25395,03/05/2024 13:07:20,63.441047,10.35142,0101000020E610000015527E52EDB32440DC7F643A74B84F40
25394,03/05/2024 13:07:21,63.441062,10.351394,0101000020E6100000700514EAE9B3244011C138B874B84F40
25393,03/05/2024 13:07:22,63.441079,10.351367,0101000020E61000008AC91B60E6B32440E7F9D34675B84F40
25392,03/05/2024 13:07:23,63.441098,10.351341,0101000020E6100000E57CB1F7E2B324405E2A36E675B84F40
25391,03/05/2024 13:07:24,63.441116,10.351321,0101000020E6100000C8CB9A58E0B3244004DF347D76B84F40
25390,03/05/2024 13:08:25,63.441134,10.350899,0101000020E6100000F165A208A9B32440AB93331477B84F40
25389,03/05/2024 13:09:26,63.441016,10.351043,0101000020E6100000BDFA78E8BBB32440A181583673B84F40
25388,03/05/2024 13:10:27,63.440919,10.351132,0101000020E61000007C28D192C7B32440AE97A60870B84F40
25387,03/05/2024 13:11:27,63.440787,10.351246,0101000020E61000009EB30584D6B3244040C05AB56BB84F40
25386,03/05/2024 13:12:27,63.440709,10.351287,0101000020E61000001805C1E3DBB32440C4060B2769B84F40
25385,03/05/2024 13:13:27,63.440614,10.351384,0101000020E6100000E2AC889AE8B324407214200A66B84F40
25384,03/05/2024 13:14:28,63.440508,10.35147,0101000020E6100000DC0C37E0F3B324402CD0EE9062B84F40
25383,03/05/2024 13:15:29,63.440395,10.351546,0101000020E610000048145AD6FDB32440342905DD5EB84F40
25382,03/05/2024 13:16:29,63.440287,10.351556,0101000020E6100000D66CE525FFB324404EED0C535BB84F40
25381,03/05/2024 13:17:29,63.440158,10.351603,0101000020E6100000D959F44E05B424405089EB1857B84F40
25380,03/05/2024 13:18:30,63.440063,10.351677,0101000020E6100000C282FB010FB42440FE9600FC53B84F40
25379,03/05/2024 13:19:30,63.439913,10.351694,0101000020E61000001B66683C11B42440E90AB6114FB84F40
25378,03/05/2024 13:20:31,63.439811,10.351795,0101000020E6100000EACA67791EB42440E5B512BA4BB84F40
25377,03/05/2024 13:21:31,63.439688,10.351788,0101000020E61000002040868E1DB42440C93846B247B84F40
25376,03/05/2024 13:22:32,63.439601,10.351821,0101000020E61000008F17D2E121B42440FA2477D844B84F40
25375,03/05/2024 13:23:33,63.439515,10.351795,0101000020E6100000EACA67791EB42440FC8C0B0742B84F40
25374,03/05/2024 13:24:34,63.439421,10.351827,0101000020E610000018B325AB22B424407A1684F23EB84F40
25373,03/05/2024 13:25:34,63.439392,10.351774,0101000020E61000008C2AC3B81BB42440E00F3FFF3DB84F40
25372,03/05/2024 13:26:34,63.439366,10.351736,0101000020E6100000D6A6B1BD16B42440B77C24253DB84F40
25371,03/05/2024 13:27:34,63.4393,10.351674,0101000020E6100000FEB4519D0EB42440FF907EFB3AB84F40
25370,03/05/2024 13:28:34,63.439277,10.351654,0101000020E6100000E2033BFE0BB4244047718E3A3AB84F40
25369,03/05/2024 13:29:35,63.439257,10.351616,0101000020E61000002C80290307B4244000C5C89239B84F40
25368,03/05/2024 13:30:36,63.439219,10.351677,0101000020E6100000C282FB010FB424401264045438B84F40
25367,03/05/2024 13:31:37,63.43918,10.351656,0101000020E610000065E256410CB424405587DC0C37B84F40
25366,03/05/2024 13:32:38,63.439172,10.351631,0101000020E610000001857AFA08B42440D2A8C0C936B84F40
25365,03/05/2024 13:33:39,63.439133,10.351643,0101000020E610000012BC218D0AB4244014CC988235B84F40
25364,03/05/2024 13:34:40,63.439101,10.351646,0101000020E6100000D689CBF10AB424400852297634B84F40
25363,03/05/2024 13:35:40,63.439079,10.351613,0101000020E610000068B27F9E06B4244021AE9CBD33B84F40
25362,03/05/2024 13:36:40,63.439061,10.351575,0101000020E6100000B22E6EA301B424407AF99D2633B84F40
25361,03/05/2024 13:37:41,63.439053,10.351559,0101000020E61000009B3A8F8AFFB32440F71A82E332B84F40
25360,03/05/2024 13:38:42,63.439039,10.351404,0101000020E6100000FE5D9F39EBB324409255116E32B84F40
25359,03/05/2024 13:39:43,63.439013,10.351324,0101000020E61000008D9944BDE0B3244069C2F69331B84F40
25358,03/05/2024 13:40:44,63.439009,10.351286,0101000020E6100000D71533C2DBB3244028D3687231B84F40
25357,03/05/2024 13:41:45,63.439046,10.351237,0101000020E6100000514A0856D5B3244045B8C9A832B84F40
25356,03/05/2024 13:42:45,63.439064,10.351239,0101000020E6100000D4282499D5B32440EB6CC83F33B84F40
25355,03/05/2024 13:43:46,63.439049,10.351223,0101000020E6100000BD344580D3B32440B62BF4C132B84F40
25354,03/05/2024 13:44:46,63.439088,10.351193,0101000020E6100000132BA391CFB3244074081C0934B84F40
25353,03/05/2024 13:45:46,63.43909,10.351151,0101000020E610000057EA5910CAB324401500E31934B84F40
25352,03/05/2024 13:46:46,63.439094,10.351112,0101000020E61000005F77BAF3C4B3244056EF703B34B84F40
25351,03/05/2024 13:47:47,63.439077,10.350982,0101000020E610000027F8A6E9B3B3244080B6D5AC33B84F40
25350,03/05/2024 13:48:48,63.439122,10.350939,0101000020E61000002AC8CF46AEB32440207A522635B84F40
25349,03/05/2024 13:49:49,63.43917,10.350882,0101000020E6100000998235CEA6B3244031B1F9B836B84F40
25348,03/05/2024 13:50:50,63.439279,10.350784,0101000020E61000008DEBDFF599B32440E868554B3AB84F40
25347,03/05/2024 13:51:21,63.439305,10.350738,0101000020E6100000CCED5EEE93B3244011FC6F253BB84F40
25346,03/05/2024 13:51:22,63.439307,10.350737,0101000020E61000008AFED0CC93B32440B2F336363BB84F40
25345,03/05/2024 13:51:23,63.439308,10.35073,0101000020E6100000C073EFE192B32440826F9A3E3BB84F40
25344,03/05/2024 13:51:24,63.439307,10.350724,0101000020E610000038D89B1892B32440B2F336363BB84F40
25343,03/05/2024 13:51:25,63.439313,10.350711,0101000020E6100000E5B1666490B3244094DA8B683BB84F40
25342,03/05/2024 13:51:26,63.439315,10.350706,0101000020E61000009E05A1BC8FB3244035D252793BB84F40
25341,03/05/2024 13:51:27,63.439317,10.350704,0101000020E61000001C2785798FB32440D5C9198A3BB84F40
25340,03/05/2024 13:51:29,63.439321,10.350693,0101000020E61000004CDF6B088EB3244017B9A7AB3BB84F40
25339,03/05/2024 13:51:30,63.439325,10.350686,0101000020E610000082548A1D8DB3244058A835CD3BB84F40
25338,03/05/2024 13:51:31,63.439326,10.350677,0101000020E610000035EB8CEF8BB32440282499D53BB84F40
25337,03/05/2024 13:51:32,63.439328,10.350676,0101000020E6100000F4FBFECD8BB32440C91B60E63BB84F40
25336,03/05/2024 13:51:33,63.439331,10.350675,0101000020E6100000B20C71AC8BB324403A8F8AFF3BB84F40
25335,03/05/2024 13:51:34,63.439332,10.350671,0101000020E6100000AD4F39268BB324400B0BEE073CB84F40
25334,03/05/2024 13:51:35,63.439337,10.350663,0101000020E6100000A1D5C9198AB324401C76DF313CB84F40
25333,03/05/2024 13:51:37,63.43934,10.350633,0101000020E6100000F7CB272B86B324408DE9094B3CB84F40
25332,03/05/2024 13:51:40,63.439342,10.350625,0101000020E6100000EB51B81E85B324402EE1D05B3CB84F40
25331,03/05/2024 13:51:41,63.43935,10.350624,0101000020E6100000AA622AFD84B32440B1BFEC9E3CB84F40
25330,03/05/2024 13:51:43,63.439358,10.350625,0101000020E6100000EB51B81E85B32440349E08E23CB84F40
25329,03/05/2024 13:51:45,63.439365,10.350627,0101000020E61000006E30D46185B32440E600C11C3DB84F40
25328,03/05/2024 13:51:47,63.439372,10.350632,0101000020E6100000B5DC990986B32440996379573DB84F40
25327,03/05/2024 13:51:48,63.439375,10.35064,0101000020E6100000C156091687B324400AD7A3703DB84F40
25326,03/05/2024 13:51:49,63.439378,10.350649,0101000020E61000000DC0064488B324407B4ACE893DB84F40
25325,03/05/2024 13:51:50,63.439384,10.350654,0101000020E6100000546CCCEB88B324405D3123BC3DB84F40
25324,03/05/2024 13:51:51,63.43939,10.35066,0101000020E6100000DD0720B589B324403F1878EE3DB84F40
25323,03/05/2024 13:51:52,63.439395,10.350668,0101000020E6100000E8818FC18AB32440518369183EB84F40
25322,03/05/2024 13:51:53,63.439402,10.350675,0101000020E6100000B20C71AC8BB3244003E621533EB84F40
25321,03/05/2024 13:51:54,63.439406,10.350685,0101000020E61000004165FCFB8CB3244045D5AF743EB84F40
25320,03/05/2024 13:51:55,63.439411,10.350693,0101000020E61000004CDF6B088EB324405740A19E3EB84F40
25319,03/05/2024 13:51:57,63.439416,10.350698,0101000020E6100000938B31B08EB3244068AB92C83EB84F40
25318,03/05/2024 13:51:58,63.439424,10.350702,0101000020E6100000994869368FB32440EB89AE0B3FB84F40
25317,03/05/2024 13:51:59,63.439435,10.350703,0101000020E6100000DA37F7578FB32440DFDBF4673FB84F40
25316,03/05/2024 13:52:00,63.439442,10.350707,0101000020E6100000E0F42EDE8FB32440923EADA23FB84F40
25315,03/05/2024 13:52:01,63.439448,10.350704,0101000020E61000001C2785798FB32440742502D53FB84F40
25314,03/05/2024 13:52:02,63.439454,10.350703,0101000020E6100000DA37F7578FB32440560C570740B84F40
25313,03/05/2024 13:52:03,63.439461,10.350701,0101000020E61000005759DB148FB32440086F0F4240B84F40
25312,03/05/2024 13:52:04,63.439467,10.3507,0101000020E6100000166A4DF38EB32440EB55647440B84F40
25311,03/05/2024 13:52:05,63.439474,10.350699,0101000020E6100000D47ABFD18EB324409DB81CAF40B84F40
25310,03/05/2024 13:52:06,63.439481,10.350698,0101000020E6100000938B31B08EB32440501BD5E940B84F40
25309,03/05/2024 13:52:07,63.439488,10.350699,0101000020E6100000D47ABFD18EB32440027E8D2441B84F40
25308,03/05/2024 13:52:08,63.439496,10.350695,0101000020E6100000CFBD874B8EB32440855CA96741B84F40
25307,03/05/2024 13:52:09,63.439503,10.350698,0101000020E6100000938B31B08EB3244037BF61A241B84F40
25306,03/05/2024 13:52:10,63.439512,10.350706,0101000020E61000009E05A1BC8FB324408B19E1ED41B84F40
25305,03/05/2024 13:52:11,63.439519,10.350708,0101000020E610000021E4BCFF8FB324403D7C992842B84F40
25304,03/05/2024 13:52:12,63.439527,10.35071,0101000020E6100000A4C2D84290B32440C05AB56B42B84F40
25303,03/05/2024 13:52:14,63.439533,10.350712,0101000020E610000027A1F48590B32440A2410A9E42B84F40
25302,03/05/2024 13:52:14,63.439539,10.350713,0101000020E6100000689082A790B3244084285FD042B84F40
25301,03/05/2024 13:52:16,63.439556,10.350715,0101000020E6100000EB6E9EEA90B324405A61FA5E43B84F40
25300,03/05/2024 13:52:17,63.439564,10.350721,0101000020E6100000740AF2B391B32440DD3F16A243B84F40
25299,03/05/2024 13:53:17,63.440005,10.351066,0101000020E61000009E7939ECBEB32440CA89761552B84F40
25298,03/05/2024 13:54:18,63.440381,10.351239,0101000020E6100000D4282499D5B32440CF6394675EB84F40
25297,03/05/2024 13:55:18,63.440578,10.351671,0101000020E61000003AE7A7380EB4244025AB22DC64B84F40
25296,03/05/2024 13:56:19,63.440664,10.351948,0101000020E610000004C93B8732B4244024438EAD67B84F40
25295,03/05/2024 13:57:19,63.440757,10.351985,0101000020E6100000785DBF6037B42440D53DB2B96AB84F40
25294,03/05/2024 13:58:19,63.440763,10.351881,0101000020E6100000E42A16BF29B42440B72407EC6AB84F40
25293,03/05/2024 13:59:20,63.440793,10.351861,0101000020E6100000C879FF1F27B4244022A7AFE76BB84F40
25292,03/05/2024 14:00:21,63.440868,10.351863,0101000020E61000004B581B6327B424402CEDD45C6EB84F40
25291,03/05/2024 14:01:22,63.440958,10.351882,0101000020E6100000261AA4E029B424406C74CE4F71B84F40
25290,03/05/2024 14:02:22,63.441039,10.351888,0101000020E6100000AEB5F7A92AB4244059A148F773B84F40
25289,03/05/2024 14:03:23,63.441204,10.351938,0101000020E61000007570B03731B42440A46E675F79B84F40
25288,03/05/2024 14:04:20,63.441437,10.352152,0101000020E6100000267156444DB42440471FF30181B84F40
25287,03/05/2024 14:04:21,63.441441,10.352158,0101000020E6100000AE0CAA0D4EB42440880E812381B84F40
25286,03/05/2024 14:04:23,63.441444,10.352163,0101000020E6100000F5B86FB54EB42440F981AB3C81B84F40
25285,03/05/2024 14:04:24,63.441448,10.352171,0101000020E61000000133DFC14FB424403A71395E81B84F40
25284,03/05/2024 14:04:25,63.441453,10.352176,0101000020E610000048DFA46950B424404CDC2A8881B84F40
25283,03/05/2024 14:04:26,63.441457,10.35218,0101000020E61000004D9CDCEF50B424408ECBB8A981B84F40
25282,03/05/2024 14:04:27,63.441461,10.352189,0101000020E61000009A05DA1D52B42440CFBA46CB81B84F40
25281,03/05/2024 14:04:28,63.441468,10.3522,0101000020E61000006A4DF38E53B42440821DFF0582B84F40
25280,03/05/2024 14:04:29,63.441483,10.352223,0101000020E61000004BCCB39256B42440B75ED38382B84F40
25279,03/05/2024 14:04:30,63.441492,10.352245,0101000020E6100000EA5BE67459B424400AB952CF82B84F40
25278,03/05/2024 14:04:31,63.441506,10.352266,0101000020E610000048FC8A355CB424406F7EC34483B84F40
25277,03/05/2024 14:04:32,63.441517,10.352292,0101000020E6100000ED48F59D5FB4244063D009A183B84F40
25276,03/05/2024 14:04:33,63.441533,10.352318,0101000020E610000092955F0663B42440698D412784B84F40
25275,03/05/2024 14:04:34,63.441554,10.352343,0101000020E6100000F5F23B4D66B4244080B56AD784B84F40
25274,03/05/2024 14:04:35,63.441579,10.352366,0101000020E6100000D671FC5069B42440D9CC21A985B84F40
25273,03/05/2024 14:04:36,63.441603,10.352396,0101000020E6100000807B9E3F6DB424406268757286B84F40
25272,03/05/2024 14:04:37,63.44163,10.35243,0101000020E6100000314278B471B424405B77F35487B84F40
25271,03/05/2024 14:04:38,63.44166,10.352477,0101000020E6100000342F87DD77B42440C6F99B5088B84F40
25270,03/05/2024 14:04:39,63.441689,10.35253,0101000020E6100000BFB7E9CF7EB424406000E14389B84F40
25269,03/05/2024 14:04:40,63.441716,10.352595,0101000020E61000005B77F35487B424405A0F5F268AB84F40
25268,03/05/2024 14:04:42,63.441743,10.352669,0101000020E610000044A0FA0791B42440531EDD088BB84F40
25267,03/05/2024 14:04:43,63.44177,10.352746,0101000020E6100000F296AB1F9BB424404D2D5BEB8BB84F40
25266,03/05/2024 14:04:44,63.441797,10.352819,0101000020E61000009AD024B1A4B42440463CD9CD8CB84F40
25265,03/05/2024 14:04:45,63.441827,10.352888,0101000020E61000003C4D66BCADB42440B1BE81C98DB84F40
25264,03/05/2024 14:04:46,63.44189,10.353028,0101000020E610000003250516C0B42440F736FDD98FB84F40
25263,03/05/2024 14:04:47,63.441926,10.353105,0101000020E6100000B01BB62DCAB4244044A0FA0791B84F40
25262,03/05/2024 14:04:48,63.441963,10.353182,0101000020E61000005E126745D4B4244061855B3E92B84F40
25261,03/05/2024 14:04:49,63.442,10.353259,0101000020E61000000B09185DDEB424407F6ABC7493B84F40
25260,03/05/2024 14:04:50,63.442037,10.353335,0101000020E610000077103B53E8B424409C4F1DAB94B84F40
25259,03/05/2024 14:04:51,63.442076,10.35341,0101000020E6100000A228D027F2B424405A2C45F295B84F40
25258,03/05/2024 14:04:52,63.442115,10.353484,0101000020E61000008B51D7DAFBB4244017096D3997B84F40
25257,03/05/2024 14:04:53,63.442156,10.353558,0101000020E6100000747ADE8D05B5244076DD5B9198B84F40
25256,03/05/2024 14:04:54,63.442198,10.353633,0101000020E61000009F9273620FB52440A52DAEF199B84F40
25255,03/05/2024 14:04:55,63.442244,10.353715,0101000020E61000009335EA211AB52440156D8E739BB84F40
25254,03/05/2024 14:04:56,63.442294,10.353803,0101000020E61000001074B4AA25B52440C79BFC169DB84F40
25253,03/05/2024 14:04:57,63.442351,10.353887,0101000020E610000088F546AD30B524402B2D23F59EB84F40
25252,03/05/2024 14:04:59,63.44241,10.353971,0101000020E6100000FF76D9AF3BB5244030B610E4A0B84F40
25251,03/05/2024 14:05:00,63.442474,10.354057,0101000020E6100000F9D687F546B5244047AAEFFCA2B84F40
25250,03/05/2024 14:05:01,63.442541,10.354142,0101000020E6100000B247A81952B52440CF11F92EA5B84F40
25249,03/05/2024 14:05:02,63.442615,10.354219,0101000020E61000005F3E59315CB5244009DCBA9BA7B84F40
25248,03/05/2024 14:05:03,63.442691,10.354298,0101000020E61000009013268C66B52440E49D4319AAB84F40
25247,03/05/2024 14:05:04,63.442767,10.354383,0101000020E6100000498446B071B52440BF5FCC96ACB84F40
25246,03/05/2024 14:05:05,63.442915,10.354569,0101000020E6100000D15966118AB5244034F44F70B1B84F40
25245,03/05/2024 14:05:06,63.442993,10.354668,0101000020E61000001EE0490B97B52440AFAD9FFEB3B84F40
25244,03/05/2024 14:05:07,63.443078,10.354764,0101000020E6100000A69883A0A3B52440DEC9A7C7B6B84F40
25243,03/05/2024 14:05:08,63.443161,10.354862,0101000020E6100000B12FD978B0B524406BEEE87FB9B84F40
25242,03/05/2024 14:05:09,63.443245,10.354957,0101000020E6100000F8F884ECBCB52440C98E8D40BCB84F40
25241,03/05/2024 14:05:10,63.443331,10.355054,0101000020E6100000C2A04CA3C9B52440C826F911BFB84F40
25240,03/05/2024 14:05:11,63.44342,10.355149,0101000020E6100000096AF816D6B5244037328FFCC1B84F40
25239,03/05/2024 14:05:12,63.443515,10.355237,0101000020E610000086A8C29FE1B5244089247A19C5B84F40
25238,03/05/2024 14:05:13,63.443611,10.355319,0101000020E61000007B4B395FECB52440AB92C83EC8B84F40
25237,03/05/2024 14:05:14,63.443712,10.355397,0101000020E61000006A317898F6B52440DF6B088ECBB84F40
25236,03/05/2024 14:05:15,63.443811,10.355473,0101000020E6100000D6389B8E00B62440724D81CCCEB84F40
25235,03/05/2024 14:05:16,63.443913,10.355552,0101000020E6100000060E68E90AB6244076A22424D2B84F40
25234,03/05/2024 14:05:18,63.444012,10.35563,0101000020E6100000F5F3A62215B6244009849D62D5B84F40
25233,03/05/2024 14:05:19,63.444114,10.355705,0101000020E6100000200C3CF71EB624400ED940BAD8B84F40
25232,03/05/2024 14:05:20,63.44422,10.355775,0101000020E610000003780B2428B62440531D7233DCB84F40
25231,03/05/2024 14:05:21,63.444326,10.355836,0101000020E61000009A7ADD2230B624409961A3ACDFB84F40
25230,03/05/2024 14:05:22,63.444434,10.355895,0101000020E6100000AE9E93DE37B624407F9D9B36E3B84F40
25229,03/05/2024 14:05:23,63.44465,10.356009,0101000020E6100000D029C8CF46B624404C158C4AEAB84F40
25228,03/05/2024 14:05:24,63.444761,10.356058,0101000020E610000055F5F23B4DB62440A4C4AEEDEDB84F40
25227,03/05/2024 14:05:25,63.444873,10.356102,0101000020E61000009414580053B62440CBEF3499F1B84F40
25226,03/05/2024 14:05:26,63.444984,10.356144,0101000020E61000004F55A18158B62440239F573CF5B84F40
25225,03/05/2024 14:05:27,63.445098,10.356184,0101000020E610000088B7CEBF5DB62440EBC1A4F8F8B84F40
25224,03/05/2024 14:05:28,63.445212,10.356223,0101000020E6100000802A6EDC62B62440B4E4F1B4FCB84F40
25223,03/05/2024 14:05:29,63.445323,10.356263,0101000020E6100000B98C9B1A68B624400B94145800B94F40
25222,03/05/2024 14:05:30,63.445436,10.356308,0101000020E6100000399B8E006EB62440033BFE0B04B94F40
25221,03/05/2024 14:05:31,63.445544,10.356353,0101000020E6100000B9A981E673B62440EA76F69507B94F40
25220,03/05/2024 14:05:32,63.445655,10.356398,0101000020E610000038B874CC79B62440412619390BB94F40
25219,03/05/2024 14:05:33,63.44577,10.356446,0101000020E61000007D94111780B62440DAC4C9FD0EB94F40
25218,03/05/2024 14:05:34,63.445889,10.356501,0101000020E61000008BFB8F4C87B62440B45208E412B94F40
25217,03/05/2024 14:05:36,63.446007,10.356557,0101000020E6100000DA519CA38EB62440BE64E3C116B94F40
25216,03/05/2024 14:05:37,63.446124,10.356609,0101000020E610000024EB707495B62440F8FA5A971AB94F40
25215,03/05/2024 14:05:38,63.446241,10.356661,0101000020E61000006E8445459CB624403291D26C1EB94F40
25214,03/05/2024 14:05:39,63.446354,10.356721,0101000020E6100000C4978922A4B624402A38BC2022B94F40
25213,03/05/2024 14:05:40,63.446467,10.356777,0101000020E610000013EE9579ABB6244022DFA5D425B94F40
25212,03/05/2024 14:05:41,63.446578,10.356834,0101000020E6100000A43330F2B2B62440798EC87729B94F40
25211,03/05/2024 14:05:42,63.446805,10.356957,0101000020E610000013286211C3B624403A58FFE730B94F40
25210,03/05/2024 14:05:43,63.446917,10.357029,0101000020E610000079724D81CCB624406283859334B94F40
25209,03/05/2024 14:05:44,63.447028,10.357101,0101000020E6100000E0BC38F1D5B62440B932A83638B94F40
25208,03/05/2024 14:05:45,63.447137,10.357179,0101000020E6100000CFA2772AE0B6244070EA03C93BB94F40
25207,03/05/2024 14:05:46,63.44725,10.357261,0101000020E6100000C345EEE9EAB624406891ED7C3FB94F40
25206,03/05/2024 14:05:47,63.447358,10.357347,0101000020E6100000BDA59C2FF6B624404ECDE50643B94F40
25205,03/05/2024 14:05:48,63.447468,10.35744,0101000020E610000081902C6002B72440D600A5A146B94F40
25204,03/05/2024 14:05:49,63.447577,10.357539,0101000020E6100000CE16105A0FB724408CB800344AB94F40
25203,03/05/2024 14:05:50,63.447685,10.357637,0101000020E6100000D9AD65321CB7244073F4F8BD4DB94F40
25202,03/05/2024 14:05:51,63.447793,10.357733,0101000020E610000062669FC728B724405930F14751B94F40
25201,03/05/2024 14:05:52,63.447901,10.357822,0101000020E61000002094F77134B724403F6CE9D154B94F40
25200,03/05/2024 14:05:54,63.448008,10.357917,0101000020E6100000675DA3E540B72440552C7E5358B94F40
25199,03/05/2024 14:05:55,63.448117,10.358014,0101000020E610000031056B9C4DB724400CE4D9E55BB94F40
25198,03/05/2024 14:05:56,63.448224,10.358114,0101000020E6100000BF7ADCB75AB7244022A46E675FB94F40
25197,03/05/2024 14:05:57,63.448332,10.358213,0101000020E61000000C01C0B167B7244009E066F162B94F40
25196,03/05/2024 14:05:58,63.44844,10.358314,0101000020E6100000DC65BFEE74B72440EF1B5F7B66B94F40
25195,03/05/2024 14:05:59,63.448656,10.358519,0101000020E61000003FFD67CD8FB72440BC934F8F6DB94F40
25194,03/05/2024 14:06:00,63.448764,10.358623,0101000020E6100000D32F116F9DB72440A2CF471971B94F40
25193,03/05/2024 14:06:01,63.448871,10.358727,0101000020E61000006762BA10ABB72440B88FDC9A74B94F40
25192,03/05/2024 14:06:02,63.448978,10.358833,0101000020E61000007D737FF5B8B72440CE4F711C78B94F40
25191,03/05/2024 14:06:03,63.449084,10.358935,0101000020E61000008EC70C54C6B724401494A2957BB94F40
25190,03/05/2024 14:06:04,63.449188,10.359033,0101000020E61000009A5E622CD3B72440B9E00CFE7EB94F40
25189,03/05/2024 14:06:05,63.449291,10.359127,0101000020E61000009F38807EDFB724408DB1135E82B94F40
25188,03/05/2024 14:06:06,63.449393,10.359226,0101000020E6100000ECBE6378ECB724409206B7B585B94F40
25187,03/05/2024 14:06:07,63.449494,10.35933,0101000020E610000080F10C1AFAB72440C5DFF60489B94F40
25186,03/05/2024 14:06:08,63.449594,10.359435,0101000020E6100000551344DD07B82440293DD34B8CB94F40
25185,03/05/2024 14:06:09,63.449692,10.359542,0101000020E6100000AD1397E315B82440ECA2E8818FB94F40
25184,03/05/2024 14:06:10,63.449788,10.35965,0101000020E61000004703780B24B824400E1137A792B94F40
25183,03/05/2024 14:06:11,63.449883,10.359764,0101000020E6100000698EACFC32B82440600322C495B94F40
25182,03/05/2024 14:06:13,63.449976,10.359886,0101000020E6100000969350FA42B8244011FE45D098B94F40
25181,03/05/2024 14:06:14,63.450069,10.360004,0101000020E6100000BEDBBC7152B82440C2F869DC9BB94F40
25180,03/05/2024 14:06:15,63.450162,10.360112,0101000020E610000057CB9D9960B8244073F38DE89EB94F40
25179,03/05/2024 14:06:16,63.450256,10.360213,0101000020E610000027309DD66DB82440F46915FDA1B94F40
25178,03/05/2024 14:06:17,63.450352,10.360311,0101000020E610000032C7F2AE7AB8244016D86322A5B94F40
25177,03/05/2024 14:06:18,63.450447,10.360416,0101000020E610000007E9297288B8244068CA4E3FA8B94F40
25176,03/05/2024 14:06:19,63.450634,10.360631,0101000020E6100000F9D85DA0A4B824409A3BFA5FAEB94F40
25175,03/05/2024 14:06:20,63.450726,10.36073,0101000020E6100000465F419AB1B824407BBABA63B1B94F40
25174,03/05/2024 14:06:21,63.45082,10.360831,0101000020E610000015C440D7BEB82440FD304278B4B94F40
25173,03/05/2024 14:06:22,63.450915,10.360928,0101000020E6100000DF6B088ECBB824404E232D95B7B94F40
25172,03/05/2024 14:06:23,63.451007,10.361035,0101000020E6100000376C5B94D9B824402FA2ED98BAB94F40
25171,03/05/2024 14:06:24,63.4511,10.361146,0101000020E61000009529E620E8B82440E09C11A5BDB94F40
25170,03/05/2024 14:06:25,63.45119,10.361256,0101000020E6100000B1F7E28BF6B8244020240B98C0B94F40
25169,03/05/2024 14:06:26,63.451282,10.361363,0101000020E610000009F8359204B9244001A3CB9BC3B94F40
25168,03/05/2024 14:06:27,63.451373,10.361469,0101000020E61000002009FB7612B9244011A62897C6B94F40
25167,03/05/2024 14:06:28,63.451466,10.361571,0101000020E6100000315D88D51FB92440C2A04CA3C9B94F40
25166,03/05/2024 14:06:29,63.451556,10.361681,0101000020E61000004D2B85402EB9244002284696CCB94F40
25165,03/05/2024 14:06:30,63.451642,10.361791,0101000020E61000006AF981AB3CB9244001C0B167CFB94F40
25164,03/05/2024 14:06:31,63.451731,10.36191,0101000020E6100000D3307C444CB9244070CB4752D2B94F40
25163,03/05/2024 14:06:33,63.451817,10.362034,0101000020E610000083143C855CB924406F63B323D5B94F40
25162,03/05/2024 14:06:34,63.451905,10.362161,0101000020E6100000F8C5A52A6DB924400EF3E505D8B94F40
25161,03/05/2024 14:06:35,63.451992,10.362293,0101000020E6100000B323D5777EB92440DD06B5DFDAB94F40
25160,03/05/2024 14:06:36,63.452078,10.362428,0101000020E6100000334FAE2990B92440DC9E20B1DDB94F40
25159,03/05/2024 14:06:37,63.452247,10.362701,0101000020E6100000F7730AF2B3B92440685BCD3AE3B94F40
25158,03/05/2024 14:06:38,63.452331,10.36284,0101000020E61000007D5C1B2AC6B92440C5FB71FBE5B94F40
25157,03/05/2024 14:06:39,63.452415,10.362982,0101000020E6100000C612D6C6D8B92440239C16BCE8B94F40
25156,03/05/2024 14:06:40,63.452496,10.363125,0101000020E610000052B81E85EBB9244010C99063EBB94F40
25155,03/05/2024 14:06:41,63.452578,10.363272,0101000020E6100000E31A9FC9FEB92440CD716E13EEB94F40
25154,03/05/2024 14:06:42,63.45266,10.363417,0101000020E6100000F19E03CB11BA24408A1A4CC3F0B94F40
25153,03/05/2024 14:06:43,63.452741,10.36356,0101000020E61000007C444C8924BA24407747C66AF3B94F40
25152,03/05/2024 14:06:44,63.452821,10.3637,0101000020E6100000431CEBE236BA244094F8DC09F6B94F40
25151,03/05/2024 14:06:45,63.452901,10.363842,0101000020E61000008DD2A57F49BA2440B0A9F3A8F8B94F40
25150,03/05/2024 14:06:46,63.452981,10.363986,0101000020E610000059677C5F5CBA2440CC5A0A48FBB94F40
25149,03/05/2024 14:06:47,63.453061,10.364131,0101000020E610000067EBE0606FBA2440E90B21E7FDB94F40
25148,03/05/2024 14:06:48,63.45314,10.364278,0101000020E6100000F84D61A582BA24403541D47D00BA4F40
25147,03/05/2024 14:06:49,63.453217,10.364425,0101000020E610000089B0E1E995BA2440E07EC00303BA4F40
25146,03/05/2024 14:06:51,63.453295,10.364577,0101000020E610000061BF27D6A9BA24405C38109205BA4F40
25145,03/05/2024 14:06:52,63.453372,10.364731,0101000020E6100000BCAC8905BEBA24400776FC1708BA4F40
25144,03/05/2024 14:06:53,63.453449,10.364885,0101000020E6100000179AEB34D2BA2440B3B3E89D0ABA4F40
25143,03/05/2024 14:06:54,63.453525,10.365037,0101000020E6100000EFA83121E6BA24408E75711B0DBA4F40
25142,03/05/2024 14:06:55,63.453602,10.365188,0101000020E610000086C8E9EBF9BA244039B35DA10FBA4F40
25141,03/05/2024 14:06:56,63.453754,10.365495,0101000020E6100000FAB31F2922BB2440EF366F9C14BA4F40
25140,03/05/2024 14:06:57,63.453831,10.36565,0101000020E610000096900F7A36BB24409A745B2217BA4F40
25139,03/05/2024 14:06:58,63.453908,10.365806,0101000020E6100000745C8DEC4ABB244046B247A819BA4F40
25138,03/05/2024 14:06:59,63.453984,10.365961,0101000020E610000010397D3D5FBB24402174D0251CBA4F40
25137,03/05/2024 14:07:00,63.45406,10.366117,0101000020E6100000EE04FBAF73BB2440FC3559A31EBA4F40
25136,03/05/2024 14:07:01,63.454136,10.366274,0101000020E61000000DC0064488BB2440D7F7E12021BA4F40
25135,03/05/2024 14:07:02,63.454212,10.366432,0101000020E61000006E6AA0F99CBB2440B2B96A9E23BA4F40
25134,03/05/2024 14:07:03,63.454286,10.366591,0101000020E61000001004C8D0B1BB2440EC832C0B26BA4F40
25133,03/05/2024 14:07:04,63.45436,10.366749,0101000020E610000070AE6186C6BB2440264EEE7728BA4F40
25132,03/05/2024 14:07:05,63.454435,10.366905,0101000020E61000004E7ADFF8DABB2440319413ED2ABA4F40
25131,03/05/2024 14:07:06,63.45451,10.367055,0101000020E6100000A3AA09A2EEBB24403CDA38622DBA4F40
25130,03/05/2024 14:07:08,63.454586,10.367202,0101000020E6100000340D8AE601BC2440179CC1DF2FBA4F40
25129,03/05/2024 14:07:09,63.454663,10.367342,0101000020E6100000FBE4284014BC2440C2D9AD6532BA4F40
25128,03/05/2024 14:07:10,63.45474,10.367477,0101000020E61000007B1002F225BC24406D179AEB34BA4F40
25127,03/05/2024 14:07:11,63.454815,10.367601,0101000020E61000002BF4C13236BC2440785DBF6037BA4F40
25126,03/05/2024 14:07:12,63.454892,10.367718,0101000020E6100000124DA08845BC2440239BABE639BA4F40
25125,03/05/2024 14:07:13,63.455045,10.367932,0101000020E6100000C24D469561BC2440AA9A20EA3EBA4F40
25124,03/05/2024 14:07:14,63.45512,10.368034,0101000020E6100000D3A1D3F36EBC2440B4E0455F41BA4F40
25123,03/05/2024 14:07:15,63.455194,10.368137,0101000020E610000025E5EE737CBC2440EFAA07CC43BA4F40
25122,03/05/2024 14:07:16,63.45527,10.368238,0101000020E6100000F549EEB089BC2440CA6C904946BA4F40
25121,03/05/2024 14:07:17,63.455344,10.36834,0101000020E6100000069E7B0F97BC2440043752B648BA4F40
25120,03/05/2024 14:07:18,63.455414,10.368442,0101000020E610000017F2086EA4BC2440FD1186014BBA4F40
25119,03/05/2024 14:07:19,63.455482,10.368542,0101000020E6100000A5677A89B1BC244055F5F23B4DBA4F40
25118,03/05/2024 14:07:20,63.455548,10.368639,0101000020E61000006F0F4240BEBC24400DE198654FBA4F40
25117,03/05/2024 14:07:21,63.455612,10.368732,0101000020E610000033FAD170CABC244023D5777E51BA4F40
25116,03/05/2024 14:07:22,63.455672,10.36882,0101000020E6100000B0389CF9D5BC2440F9D9C87553BA4F40
25115,03/05/2024 14:07:23,63.455729,10.368905,0101000020E610000069A9BC1DE1BC24405D6BEF5355BA4F40
25114,03/05/2024 14:07:25,63.455783,10.368984,0101000020E6100000997E8978EBBC24405089EB1857BA4F40
25113,03/05/2024 14:07:26,63.455833,10.369055,0101000020E6100000BED9E6C6F4BC244002B859BC58BA4F40
25112,03/05/2024 14:07:27,63.455882,10.369121,0101000020E61000009C887E6DFDBC2440E36A64575ABA4F40
25111,03/05/2024 14:07:28,63.455928,10.369185,0101000020E6100000F758FAD005BD244054AA44D95BBA4F40
25110,03/05/2024 14:07:29,63.45597,10.369249,0101000020E6100000522976340EBD244083FA96395DBA4F40
25109,03/05/2024 14:07:30,63.456048,10.369378,0101000020E610000049B9FB1C1FBD2440FEB3E6C75FBA4F40
25108,03/05/2024 14:07:31,63.456084,10.369444,0101000020E6100000276893C327BD24404B1DE4F560BA4F40
25107,03/05/2024 14:07:32,63.456117,10.369513,0101000020E6100000C9E4D4CE30BD24402713B70A62BA4F40
25106,03/05/2024 14:07:33,63.456152,10.369579,0101000020E6100000A7936C7539BD2440A300513063BA4F40
25105,03/05/2024 14:07:34,63.456185,10.369644,0101000020E6100000435376FA41BD24407FF6234564BA4F40
25104,03/05/2024 14:07:35,63.456218,10.36971,0101000020E610000021020EA14ABD24405BECF65965BA4F40
25103,03/05/2024 14:07:36,63.456251,10.369775,0101000020E6100000BDC1172653BD244036E2C96E66BA4F40
25102,03/05/2024 14:07:37,63.456284,10.369837,0101000020E610000096B377465BBD244012D89C8367BA4F40
25101,03/05/2024 14:07:38,63.456318,10.369903,0101000020E610000073620FED63BD2440BE49D3A068BA4F40
25100,03/05/2024 14:07:39,63.456353,10.369968,0101000020E6100000102219726CBD24403B376DC669BA4F40
25099,03/05/2024 14:07:41,63.456388,10.370031,0101000020E6100000290307B474BD2440B72407EC6ABA4F40
25098,03/05/2024 14:07:42,63.456423,10.370093,0101000020E610000001F566D47CBD24403312A1116CBA4F40
25097,03/05/2024 14:07:43,63.456457,10.37015,0101000020E6100000923A014D84BD2440E083D72E6DBA4F40
25096,03/05/2024 14:07:44,63.45649,10.3702,0101000020E610000059F5B9DA8ABD2440BB79AA436EBA4F40
25095,03/05/2024 14:07:45,63.456521,10.370245,0101000020E6100000D903ADC090BD2440F677B6476FBA4F40
25094,03/05/2024 14:07:46,63.45658,10.370323,0101000020E6100000C8E9EBF99ABD2440FB00A43671BA4F40
25093,03/05/2024 14:07:47,63.456612,10.370357,0101000020E610000079B0C56E9FBD2440077B134372BA4F40
25092,03/05/2024 14:07:48,63.456648,10.370393,0101000020E6100000AC55BB26A4BD244053E4107173BA4F40
25091,03/05/2024 14:07:49,63.456685,10.370429,0101000020E6100000DFFAB0DEA8BD244071C971A774BA4F40
25090,03/05/2024 14:07:50,63.456724,10.370461,0101000020E61000000CE36E10ADBD24402EA699EE75BA4F40
25089,03/05/2024 14:07:51,63.456762,10.37049,0101000020E610000076FD82DDB0BD24401C075E2D77BA4F40
25088,03/05/2024 14:07:52,63.4568,10.370518,0101000020E61000009D280989B4BD24400968226C78BA4F40
25087,03/05/2024 14:07:53,63.456837,10.370544,0101000020E6100000427573F1B7BD2440274D83A279BA4F40
25086,03/05/2024 14:07:54,63.456874,10.370572,0101000020E61000006AA0F99CBBBD24404432E4D87ABA4F40
25085,03/05/2024 14:07:55,63.456912,10.370604,0101000020E61000009888B7CEBFBD24403193A8177CBA4F40
25084,03/05/2024 14:07:56,63.456947,10.370638,0101000020E6100000484F9143C4BD2440AE80423D7DBA4F40
25083,03/05/2024 14:07:58,63.456981,10.370672,0101000020E6100000F8156BB8C8BD24405AF2785A7EBA4F40
25082,03/05/2024 14:07:59,63.457016,10.370707,0101000020E6100000EACBD24ECDBD2440D6DF12807FBA4F40
25081,03/05/2024 14:08:00,63.457051,10.370746,0101000020E6100000E13E726BD2BD244053CDACA580BA4F40
25080,03/05/2024 14:08:01,63.457087,10.370783,0101000020E610000056D3F544D7BD24409F36AAD381BA4F40
25079,03/05/2024 14:08:02,63.457122,10.370817,0101000020E6100000069ACFB9DBBD24401C2444F982BA4F40
25078,03/05/2024 14:08:03,63.457159,10.37085,0101000020E610000075711B0DE0BD24403909A52F84BA4F40
25077,03/05/2024 14:08:04,63.457197,10.370883,0101000020E6100000E4486760E4BD2440266A696E85BA4F40
25076,03/05/2024 14:08:05,63.457264,10.370959,0101000020E610000050508A56EEBD2440AED172A087BA4F40
25075,03/05/2024 14:08:06,63.457298,10.371004,0101000020E6100000D05E7D3CF4BD24405A43A9BD88BA4F40
25074,03/05/2024 14:08:07,63.457332,10.37106,0101000020E610000020B58993FBBD244006B5DFDA89BA4F40
25073,03/05/2024 14:08:08,63.457363,10.371115,0101000020E61000002E1C08C902BE244041B3EBDE8ABA4F40
25072,03/05/2024 14:08:09,63.457391,10.371172,0101000020E6100000BF61A2410ABE24400B3ECDC98BBA4F40
25071,03/05/2024 14:08:10,63.457417,10.371235,0101000020E6100000D842908312BE244035D1E7A38CBA4F40
25070,03/05/2024 14:08:11,63.457443,10.371295,0101000020E61000002E56D4601ABE24405E64027E8DBA4F40
25069,03/05/2024 14:08:12,63.457468,10.371354,0101000020E6100000427A8A1C22BE2440B77BB94F8EBA4F40
25068,03/05/2024 14:08:13,63.457493,10.371412,0101000020E610000014AFB2B629BE2440109370218FBA4F40
25067,03/05/2024 14:08:14,63.457518,10.37147,0101000020E6100000E7E3DA5031BE244069AA27F38FBA4F40
25066,03/05/2024 14:08:15,63.457542,10.371526,0101000020E6100000363AE7A738BE2440F1457BBC90BA4F40
25065,03/05/2024 14:08:17,63.457563,10.371584,0101000020E6100000096F0F4240BE2440096EA46C91BA4F40
25064,03/05/2024 14:08:18,63.457585,10.371643,0101000020E61000001C93C5FD47BE2440F011312592BA4F40
25063,03/05/2024 14:08:19,63.457604,10.371706,0101000020E61000003674B33F50BE2440674293C492BA4F40
25062,03/05/2024 14:08:20,63.45762,10.371771,0101000020E6100000D233BDC458BE24406DFFCA4A93BA4F40
25061,03/05/2024 14:08:21,63.457637,10.371837,0101000020E6100000B0E2546B61BE2440433866D993BA4F40
25060,03/05/2024 14:08:22,63.457669,10.371974,0101000020E6100000B3EC496073BE24404EB2D5E594BA4F40
25059,03/05/2024 14:08:23,63.457683,10.372037,0101000020E6100000CCCD37A27BBE2440B377465B95BA4F40
25058,03/05/2024 14:08:24,63.457693,10.372102,0101000020E6100000698D412784BE2440D74D29AF95BA4F40
25057,03/05/2024 14:08:25,63.457704,10.37217,0101000020E6100000C91AF5108DBE2440CB9F6F0B96BA4F40
25056,03/05/2024 14:08:26,63.457712,10.372229,0101000020E6100000DD3EABCC94BE24404D7E8B4E96BA4F40
25055,03/05/2024 14:08:27,63.457716,10.372284,0101000020E6100000EBA529029CBE24408F6D197096BA4F40
25054,03/05/2024 14:08:28,63.457717,10.372337,0101000020E6100000772E8CF4A2BE24405FE97C7896BA4F40
25053,03/05/2024 14:08:29,63.457718,10.372398,0101000020E61000000D315EF3AABE24403065E08096BA4F40
25052,03/05/2024 14:08:30,63.457714,10.372457,0101000020E6100000215514AFB2BE2440EE75525F96BA4F40
25051,03/05/2024 14:08:31,63.457707,10.372504,0101000020E6100000244223D8B8BE24403C139A2496BA4F40
25050,03/05/2024 14:08:32,63.457697,10.372543,0101000020E61000001CB5C2F4BDBE2440183DB7D095BA4F40
25049,03/05/2024 14:08:34,63.457685,10.372584,0101000020E610000096067E54C3BE2440546F0D6C95BA4F40
25048,03/05/2024 14:08:35,63.457673,10.372623,0101000020E61000008D791D71C8BE244090A1630795BA4F40
25047,03/05/2024 14:08:36,63.45766,10.372657,0101000020E61000003E40F7E5CCBE2440FB57569A94BA4F40
25046,03/05/2024 14:08:37,63.457643,10.372693,0101000020E610000071E5EC9DD1BE2440251FBB0B94BA4F40
25045,03/05/2024 14:08:38,63.457608,10.372763,0101000020E61000005451BCCADABE2440A93121E692BA4F40
25044,03/05/2024 14:08:39,63.457591,10.372795,0101000020E610000082397AFCDEBE2440D2F8855792BA4F40
25043,03/05/2024 14:08:40,63.457573,10.372826,0101000020E61000006E32AA0CE3BE24402C4487C091BA4F40
25042,03/05/2024 14:08:41,63.457553,10.372861,0101000020E610000060E811A3E7BE2440E597C11891BA4F40
25041,03/05/2024 14:08:42,63.457534,10.37289,0101000020E6100000C9022670EBBE24406E675F7990BA4F40
25040,03/05/2024 14:08:43,63.457514,10.372916,0101000020E61000006E4F90D8EEBE244027BB99D18FBA4F40
25039,03/05/2024 14:08:44,63.457494,10.372942,0101000020E6100000139CFA40F2BE2440E00ED4298FBA4F40
25038,03/05/2024 14:08:45,63.457474,10.372962,0101000020E61000002F4D11E0F4BE244099620E828EBA4F40
25037,03/05/2024 14:08:46,63.457454,10.372983,0101000020E61000008DEDB5A0F7BE244052B648DA8DBA4F40
25036,03/05/2024 14:08:47,63.457433,10.373004,0101000020E6100000EB8D5A61FABE24403A8E1F2A8DBA4F40
25035,03/05/2024 14:08:49,63.457413,10.373022,0101000020E6100000846055BDFCBE2440F3E159828CBA4F40
25034,03/05/2024 14:08:50,63.45737,10.373058,0101000020E6100000B8054B7501BF2440F415A4198BBA4F40
25033,03/05/2024 14:08:51,63.457346,10.373072,0101000020E61000004B1B0E4B03BF24406B7A50508ABA4F40
25032,03/05/2024 14:08:52,63.457331,10.373084,0101000020E61000005D52B5DD04BF244036397CD289BA4F40
25031,03/05/2024 14:08:53,63.457309,10.373101,0101000020E6100000B535221807BF24404E95EF1989BA4F40
25030,03/05/2024 14:08:55,63.457288,10.373111,0101000020E6100000438EAD6708BF2440376DC66988BA4F40
25029,03/05/2024 14:08:56,63.457252,10.373114,0101000020E6100000075C57CC08BF2440EA03C93B87BA4F40
25028,03/05/2024 14:08:57,63.457231,10.373112,0101000020E6100000847D3B8908BF2440D3DB9F8B86BA4F40
25027,03/05/2024 14:08:58,63.457209,10.373105,0101000020E6100000BAF2599E07BF2440EB3713D385BA4F40
25026,03/05/2024 14:08:59,63.457189,10.373097,0101000020E6100000AF78EA9106BF2440A48B4D2B85BA4F40
25025,03/05/2024 14:09:00,63.45717,10.373086,0101000020E6100000DF30D12005BF24402D5BEB8B84BA4F40
25024,03/05/2024 14:09:01,63.457152,10.373077,0101000020E610000093C7D3F203BF244087A6ECF483BA4F40
25023,03/05/2024 14:09:02,63.457133,10.373066,0101000020E6100000C37FBA8102BF244010768A5583BA4F40
25022,03/05/2024 14:09:03,63.457112,10.373053,0101000020E6100000705985CD00BF2440F84D61A582BA4F40
25021,03/05/2024 14:09:04,63.457091,10.37304,0101000020E61000001E335019FFBE2440E12538F581BA4F40
25020,03/05/2024 14:09:05,63.457068,10.373025,0101000020E6100000492EFF21FDBE24402906483481BA4F40
25019,03/05/2024 14:09:06,63.457045,10.373005,0101000020E61000002C7DE882FABE244070E6577380BA4F40
25018,03/05/2024 14:09:07,63.457023,10.372978,0101000020E61000004641F0F8F6BE24408942CBBA7FBA4F40
25017,03/05/2024 14:09:08,63.457001,10.372953,0101000020E6100000E2E313B2F3BE2440A19E3E027FBA4F40
25016,03/05/2024 14:09:09,63.456982,10.372924,0101000020E610000079C9FFE4EFBE24402A6EDC627EBA4F40
25015,03/05/2024 14:09:10,63.456965,10.372883,0101000020E6100000FF774485EABE2440543541D47DBA4F40
25014,03/05/2024 14:09:11,63.45695,10.372836,0101000020E6100000FC8A355CE4BE24401FF46C567DBA4F40
25013,03/05/2024 14:09:12,63.456938,10.372787,0101000020E610000076BF0AF0DDBE24405A26C3F17CBA4F40
25012,03/05/2024 14:09:13,63.456927,10.372734,0101000020E6100000EB36A8FDD6BE244067D47C957CBA4F40
25011,03/05/2024 14:09:14,63.456917,10.372677,0101000020E61000005AF10D85CFBE244043FE99417CBA4F40
25010,03/05/2024 14:09:15,63.456909,10.372621,0101000020E61000000A9B012EC8BE2440C01F7EFE7BBA4F40
25009,03/05/2024 14:09:17,63.456901,10.372569,0101000020E6100000C1012D5DC1BE24403D4162BB7BBA4F40
25008,03/05/2024 14:09:18,63.456894,10.372518,0101000020E6100000B857E6ADBABE24408BDEA9807BBA4F40
25007,03/05/2024 14:09:19,63.456886,10.372468,0101000020E6100000F19C2D20B4BE244008008E3D7BBA4F40
25006,03/05/2024 14:09:20,63.456877,10.372418,0101000020E61000002AE27492ADBE2440B5A50EF27ABA4F40
25005,03/05/2024 14:09:21,63.456871,10.372367,0101000020E610000021382EE3A6BE2440D3BEB9BF7ABA4F40
25004,03/05/2024 14:09:22,63.456849,10.372272,0101000020E6100000DA6E826F9ABE2440EB1A2D077ABA4F40
25003,03/05/2024 14:09:23,63.456836,10.372225,0101000020E6100000D881734694BE244056D11F9A79BA4F40
25002,03/05/2024 14:09:24,63.456824,10.372177,0101000020E610000093A5D6FB8DBE24409203763579BA4F40
25001,03/05/2024 14:09:25,63.456809,10.372128,0101000020E61000000EDAAB8F87BE24405DC2A1B778BA4F40
25000,03/05/2024 14:09:26,63.456793,10.372078,0101000020E6100000471FF30181BE244057056A3178BA4F40
24999,03/05/2024 14:09:27,63.456779,10.372031,0101000020E61000004432E4D87ABE2440F23FF9BB77BA4F40
24998,03/05/2024 14:09:28,63.456764,10.371986,0101000020E6100000C423F1F274BE2440BDFE243E77BA4F40
24997,03/05/2024 14:09:29,63.456747,10.371937,0101000020E61000003E58C6866EBE2440E7C589AF76BA4F40
24996,03/05/2024 14:09:30,63.456729,10.371885,0101000020E6100000F4BEF1B567BE244040118B1876BA4F40
24995,03/05/2024 14:09:31,63.456709,10.371838,0101000020E6100000F2D1E28C61BE2440F964C57075BA4F40
24994,03/05/2024 14:09:32,63.456689,10.371792,0101000020E610000030D461855BBE2440B2B8FFC874BA4F40
24993,03/05/2024 14:09:34,63.456667,10.371753,0101000020E61000003961C26856BE2440CA14731074BA4F40
24992,03/05/2024 14:09:35,63.456644,10.371706,0101000020E61000003674B33F50BE244012F5824F73BA4F40
24991,03/05/2024 14:09:36,63.456623,10.371672,0101000020E610000086ADD9CA4BBE2440FBCC599F72BA4F40
24990,03/05/2024 14:09:37,63.456601,10.371635,0101000020E6100000111956F146BE24401329CDE671BA4F40
24989,03/05/2024 14:09:38,63.456579,10.371592,0101000020E610000014E97E4E41BE24402B85402E71BA4F40
24988,03/05/2024 14:09:39,63.456557,10.371545,0101000020E610000011FC6F253BBE244043E1B37570BA4F40
24987,03/05/2024 14:09:40,63.456534,10.371503,0101000020E610000055BB26A435BE24408BC1C3B46FBA4F40
24986,03/05/2024 14:09:41,63.456487,10.371436,0101000020E6100000361D01DC2CBE24404A06802A6EBA4F40
24985,03/05/2024 14:09:42,63.456462,10.371403,0101000020E6100000C745B58828BE2440F1EEC8586DBA4F40
24984,03/05/2024 14:09:43,63.456436,10.371371,0101000020E61000009A5DF75624BE2440C85BAE7E6CBA4F40
24983,03/05/2024 14:09:44,63.456411,10.371342,0101000020E61000003143E38920BE24406F44F7AC6BBA4F40
24982,03/05/2024 14:09:45,63.456384,10.371311,0101000020E6100000454AB3791CBE2440763579CA6ABA4F40
24981,03/05/2024 14:09:46,63.456354,10.371268,0101000020E6100000471ADCD616BE24400BB3D0CE69BA4F40
24980,03/05/2024 14:09:47,63.456327,10.371231,0101000020E6100000D38558FD11BE244011A452EC68BA4F40
24979,03/05/2024 14:09:48,63.456301,10.371196,0101000020E6100000E1CFF0660DBE2440E810381268BA4F40
24978,03/05/2024 14:09:49,63.456274,10.371161,0101000020E6100000EF1989D008BE2440EF01BA2F67BA4F40
24977,03/05/2024 14:09:50,63.456244,10.371122,0101000020E6100000F8A6E9B303BE2440847F113466BA4F40
24976,03/05/2024 14:09:51,63.456218,10.371097,0101000020E610000094490D6D00BE24405BECF65965BA4F40
24975,03/05/2024 14:09:52,63.456189,10.371072,0101000020E610000031EC3026FDBD2440C0E5B16664BA4F40
24974,03/05/2024 14:09:54,63.456161,10.371057,0101000020E61000005CE7DF2EFBBD2440F65AD07B63BA4F40
24973,03/05/2024 14:09:55,63.45613,10.371044,0101000020E610000009C1AA7AF9BD2440BB5CC47762BA4F40
24972,03/05/2024 14:09:56,63.456099,10.371032,0101000020E6100000F88903E8F7BD2440805EB87361BA4F40
24971,03/05/2024 14:09:57,63.456068,10.371026,0101000020E61000006FEEAF1EF7BD24404560AC6F60BA4F40
24970,03/05/2024 14:09:58,63.456032,10.371017,0101000020E61000002385B2F0F5BD2440F9F6AE415FBA4F40
24969,03/05/2024 14:09:59,63.455959,10.370985,0101000020E6100000F59CF4BEF1BD24408FA850DD5CBA4F40
24968,03/05/2024 14:10:00,63.455922,10.370971,0101000020E6100000618731E9EFBD244071C3EFA65BBA4F40
24967,03/05/2024 14:10:01,63.455883,10.37095,0101000020E610000003E78C28EDBD2440B4E6C75F5ABA4F40
24966,03/05/2024 14:10:02,63.455851,10.370949,0101000020E6100000C2F7FE06EDBD2440A86C585359BA4F40
24965,03/05/2024 14:10:03,63.455813,10.370929,0101000020E6100000A646E867EABD2440BB0B941458BA4F40
24964,03/05/2024 14:10:04,63.455776,10.370906,0101000020E6100000C5C72764E7BD24409E2633DE56BA4F40
24963,03/05/2024 14:10:05,63.455735,10.370887,0101000020E6100000EA059FE6E4BD24403F52448655BA4F40
24962,03/05/2024 14:10:06,63.455697,10.370864,0101000020E61000000987DEE2E1BD244051F17F4754BA4F40
24961,03/05/2024 14:10:07,63.455662,10.370847,0101000020E6100000B1A371A8DFBD2440D503E62153BA4F40
24960,03/05/2024 14:10:09,63.455623,10.370823,0101000020E61000008F352383DCBD24401727BEDA51BA4F40
24959,03/05/2024 14:10:09,63.455585,10.370801,0101000020E6100000F0A5F0A0D9BD24402AC6F99B50BA4F40
24958,03/05/2024 14:10:11,63.455548,10.370781,0101000020E6100000D3F4D901D7BD24400DE198654FBA4F40
24957,03/05/2024 14:10:12,63.455512,10.370756,0101000020E61000007097FDBAD3BD2440C0779B374EBA4F40
24956,03/05/2024 14:10:13,63.455476,10.370728,0101000020E6100000486C770FD0BD2440730E9E094DBA4F40
24955,03/05/2024 14:10:14,63.45544,10.370699,0101000020E6100000DF516342CCBD244026A5A0DB4BBA4F40
24954,03/05/2024 14:10:15,63.455404,10.370669,0101000020E61000003448C153C8BD2440D93BA3AD4ABA4F40
24953,03/05/2024 14:10:16,63.455366,10.370641,0101000020E61000000C1D3BA8C4BD2440ECDADE6E49BA4F40
24952,03/05/2024 14:10:17,63.455297,10.370569,0101000020E6100000A6D24F38BBBD2440C37B0E2C47BA4F40
24951,03/05/2024 14:10:18,63.455262,10.370532,0101000020E6100000313ECC5EB6BD2440478E740646BA4F40
24950,03/05/2024 14:10:19,63.455228,10.370494,0101000020E61000007BBABA63B1BD24409B1C3EE944BA4F40
24949,03/05/2024 14:10:20,63.455191,10.370456,0101000020E6100000C536A968ACBD24407E37DDB243BA4F40
24948,03/05/2024 14:10:21,63.455159,10.370418,0101000020E61000000FB3976DA7BD244072BD6DA642BA4F40
24947,03/05/2024 14:10:22,63.455124,10.370374,0101000020E6100000D19332A9A1BD2440F6CFD38041BA4F40
24946,03/05/2024 14:10:23,63.455091,10.370328,0101000020E61000000F96B1A19BBD24401ADA006C40BA4F40
24945,03/05/2024 14:10:24,63.455063,10.370278,0101000020E610000048DBF81395BD2440504F1F813FBA4F40
24944,03/05/2024 14:10:25,63.455037,10.370222,0101000020E6100000F984ECBC8DBD244027BC04A73EBA4F40
24943,03/05/2024 14:10:26,63.455015,10.370162,0101000020E6100000A371A8DF85BD24403F1878EE3DBA4F40
24942,03/05/2024 14:10:28,63.454995,10.370096,0101000020E6100000C6C210397DBD2440F86BB2463DBA4F40
24941,03/05/2024 14:10:29,63.45498,10.370029,0101000020E6100000A624EB7074BD2440C32ADEC83CBA4F40
24940,03/05/2024 14:10:30,63.454967,10.369963,0101000020E6100000C97553CA6BBD24402EE1D05B3CBA4F40
24939,03/05/2024 14:10:31,63.454956,10.369895,0101000020E610000068E89FE062BD24403A8F8AFF3BBA4F40
24938,03/05/2024 14:10:32,63.454947,10.369827,0101000020E6100000075BECF659BD2440E7340BB43BBA4F40
24937,03/05/2024 14:10:33,63.454939,10.369754,0101000020E61000006021736550BD24406456EF703BBA4F40
24936,03/05/2024 14:10:34,63.454922,10.3696,0101000020E6100000053411363CBD24408E1D54E23ABA4F40
24935,03/05/2024 14:10:35,63.454915,10.369523,0101000020E6100000573D601E32BD2440DCBA9BA73ABA4F40
24934,03/05/2024 14:10:36,63.454905,10.369441,0101000020E6100000639AE95E27BD2440B8E4B8533ABA4F40
24933,03/05/2024 14:10:37,63.454894,10.369361,0101000020E6100000F1D58EE21CBD2440C49272F739BA4F40
24932,03/05/2024 14:10:38,63.454885,10.369284,0101000020E610000044DFDDCA12BD24407138F3AB39BA4F40
24931,03/05/2024 14:10:39,63.454874,10.369204,0101000020E6100000D21A834E08BD24407DE6AC4F39BA4F40
24930,03/05/2024 14:10:41,63.454862,10.369126,0101000020E6100000E3344415FEBC2440B91803EB38BA4F40
24929,03/05/2024 14:10:41,63.45485,10.36905,0101000020E6100000772D211FF4BC2440F54A598638BA4F40
24928,03/05/2024 14:10:42,63.454838,10.368972,0101000020E61000008847E2E5E9BC2440307DAF2138BA4F40
24927,03/05/2024 14:10:43,63.454825,10.368891,0101000020E6100000D593F947DFBC24409C33A2B437BA4F40
24926,03/05/2024 14:10:44,63.454813,10.368814,0101000020E6100000279D4830D5BC2440D765F84F37BA4F40
24925,03/05/2024 14:10:45,63.4548,10.368731,0101000020E6100000F20A444FCABC2440431CEBE236BA4F40
24924,03/05/2024 14:10:47,63.454788,10.368652,0101000020E6100000C13577F4BFBC24407F4E417E36BA4F40
24923,03/05/2024 14:10:48,63.454775,10.368575,0101000020E6100000143FC6DCB5BC2440EA04341136BA4F40
24922,03/05/2024 14:10:49,63.454761,10.368496,0101000020E6100000E469F981ABBC2440853FC39B35BA4F40
24921,03/05/2024 14:10:50,63.454747,10.368418,0101000020E6100000F583BA48A1BC2440207A522635BA4F40
24920,03/05/2024 14:10:51,63.454721,10.36826,0101000020E610000094D920938CBC2440F7E6374C34BA4F40
24919,03/05/2024 14:10:52,63.454707,10.368181,0101000020E61000006404543882BC24409221C7D633BA4F40
24918,03/05/2024 14:10:53,63.454693,10.368105,0101000020E6100000F8FC304278BC24402D5C566133BA4F40
24917,03/05/2024 14:10:54,63.454679,10.36803,0101000020E6100000CDE49B6D6EBC2440C896E5EB32BA4F40
24916,03/05/2024 14:10:55,63.454666,10.367955,0101000020E6100000A3CC069964BC2440334DD87E32BA4F40
24915,03/05/2024 14:10:56,63.454653,10.367882,0101000020E6100000FB928D075BBC24409F03CB1132BA4F40
24914,03/05/2024 14:10:57,63.45464,10.367805,0101000020E61000004D9CDCEF50BC24400ABABDA431BA4F40
24913,03/05/2024 14:10:58,63.454627,10.367727,0101000020E61000005FB69DB646BC24407570B03731BA4F40
24912,03/05/2024 14:10:59,63.454613,10.367652,0101000020E6100000349E08E23CBC244010AB3FC230BA4F40
24911,03/05/2024 14:11:00,63.454599,10.367574,0101000020E610000045B8C9A832BC2440ABE5CE4C30BA4F40
24910,03/05/2024 14:11:01,63.454584,10.367499,0101000020E61000001AA034D428BC244076A4FACE2FBA4F40
24909,03/05/2024 14:11:02,63.454569,10.367425,0101000020E610000031772D211FBC2440416326512FBA4F40
24908,03/05/2024 14:11:03,63.454552,10.367348,0101000020E610000084807C0915BC24406B2A8BC22EBA4F40
24907,03/05/2024 14:11:05,63.454535,10.367268,0101000020E610000012BC218D0ABC244095F1EF332EBA4F40
24906,03/05/2024 14:11:06,63.454517,10.367188,0101000020E6100000A0F7C61000BC2440EE3CF19C2DBA4F40
24905,03/05/2024 14:11:07,63.4545,10.36711,0101000020E6100000B21188D7F5BB24401804560E2DBA4F40
24904,03/05/2024 14:11:08,63.454484,10.367028,0101000020E6100000BD6E1118EBBB244012471E882CBA4F40
24903,03/05/2024 14:11:09,63.454469,10.366944,0101000020E610000046ED7E15E0BB2440DD054A0A2CBA4F40
24902,03/05/2024 14:11:10,63.454444,10.366775,0101000020E610000015FBCBEEC9BB244084EE92382BBA4F40
24901,03/05/2024 14:11:11,63.454431,10.366687,0101000020E610000098BC0166BEBB2440F0A485CB2ABA4F40
24900,03/05/2024 14:11:12,63.454418,10.366602,0101000020E6100000E04BE141B3BB24405B5B785E2ABA4F40
24899,03/05/2024 14:11:13,63.454405,10.366516,0101000020E6100000E5EB32FCA7BB2440C6116BF129BA4F40
24898,03/05/2024 14:11:14,63.454391,10.36643,0101000020E6100000EB8B84B69CBB2440614CFA7B29BA4F40
24897,03/05/2024 14:11:15,63.454377,10.366344,0101000020E6100000F12BD67091BB2440FC86890629BA4F40
24896,03/05/2024 14:11:16,63.454364,10.366259,0101000020E610000038BBB54C86BB2440683D7C9928BA4F40
24895,03/05/2024 14:11:17,63.454351,10.366173,0101000020E61000003E5B07077BBB2440D3F36E2C28BA4F40
24894,03/05/2024 14:11:18,63.454337,10.366088,0101000020E610000085EAE6E26FBB24406E2EFEB627BA4F40
24893,03/05/2024 14:11:19,63.454323,10.366005,0101000020E61000004F58E20165BB244009698D4127BA4F40
24892,03/05/2024 14:11:20,63.454309,10.365918,0101000020E61000001309A69A59BB2440A4A31CCC26BA4F40
24891,03/05/2024 14:11:21,63.454294,10.365832,0101000020E610000019A9F7544EBB24406F62484E26BA4F40
24890,03/05/2024 14:11:22,63.454282,10.365747,0101000020E61000006038D73043BB2440AB949EE925BA4F40
24889,03/05/2024 14:11:23,63.454268,10.365661,0101000020E610000066D828EB37BB244046CF2D7425BA4F40
24888,03/05/2024 14:11:24,63.454255,10.365576,0101000020E6100000AD6708C72CBB2440B185200725BA4F40
24887,03/05/2024 14:11:25,63.454241,10.365491,0101000020E6100000F4F6E7A221BB24404CC0AF9124BA4F40
24886,03/05/2024 14:11:27,63.454228,10.36541,0101000020E61000004143FF0417BB2440B876A22424BA4F40
24885,03/05/2024 14:11:28,63.454203,10.365243,0101000020E6100000942F682101BB24405F5FEB5223BA4F40
24884,03/05/2024 14:11:29,63.45419,10.365159,0101000020E61000001DAED51EF6BA2440CA15DEE522BA4F40
24883,03/05/2024 14:11:30,63.454175,10.365073,0101000020E6100000224E27D9EABA244095D4096822BA4F40
24882,03/05/2024 14:11:31,63.454159,10.364989,0101000020E6100000ABCC94D6DFBA24408F17D2E121BA4F40
24881,03/05/2024 14:11:32,63.454142,10.364907,0101000020E6100000B6291E17D5BA2440B9DE365321BA4F40
24880,03/05/2024 14:11:33,63.454125,10.364827,0101000020E61000004565C39ACABA2440E3A59BC420BA4F40
24879,03/05/2024 14:11:34,63.454106,10.364749,0101000020E6100000567F8461C0BA24406C75392520BA4F40
24878,03/05/2024 14:11:35,63.454086,10.364669,0101000020E6100000E4BA29E5B5BA244025C9737D1FBA4F40
24877,03/05/2024 14:11:36,63.454066,10.364592,0101000020E610000037C478CDABBA2440DE1CAED51EBA4F40
24876,03/05/2024 14:11:37,63.454045,10.364517,0101000020E61000000CACE3F8A1BA2440C6F484251EBA4F40
24875,03/05/2024 14:11:38,63.45402,10.364441,0101000020E6100000A0A4C00298BA24406EDDCD531DBA4F40
24874,03/05/2024 14:11:39,63.453995,10.364369,0101000020E61000003A5AD5928EBA244015C616821CBA4F40
24873,03/05/2024 14:11:40,63.453967,10.364299,0101000020E610000056EE056685BA24404B3B35971BBA4F40
24872,03/05/2024 14:11:41,63.453938,10.364234,0101000020E6100000BA2EFCE07CBA2440B034F0A31ABA4F40
24871,03/05/2024 14:11:42,63.453907,10.364171,0101000020E6100000A04D0E9F74BA24407536E49F19BA4F40
24870,03/05/2024 14:11:44,63.453876,10.364111,0101000020E61000004B3ACAC16CBA24403A38D89B18BA4F40
24869,03/05/2024 14:11:44,63.453841,10.364054,0101000020E6100000BAF42F4965BA2440BE4A3E7617BA4F40
24868,03/05/2024 14:11:46,63.453764,10.363951,0101000020E610000068B114C957BA2440130D52F014BA4F40
24867,03/05/2024 14:11:47,63.453724,10.363904,0101000020E610000065C405A051BA244084B4C6A013BA4F40
24866,03/05/2024 14:11:48,63.453684,10.363862,0101000020E6100000A983BC1E4CBA2440F65B3B5112BA4F40
24865,03/05/2024 14:11:49,63.453646,10.36382,0101000020E6100000ED42739D46BA244009FB761211BA4F40
24864,03/05/2024 14:11:50,63.453607,10.363779,0101000020E610000073F1B73D41BA24404B1E4FCB0FBA4F40
24863,03/05/2024 14:11:51,63.453568,10.363738,0101000020E6100000F99FFCDD3BBA24408D4127840EBA4F40
24862,03/05/2024 14:11:52,63.453531,10.3637,0101000020E6100000431CEBE236BA2440705CC64D0DBA4F40
24861,03/05/2024 14:11:53,63.453494,10.363662,0101000020E61000008D98D9E731BA2440537765170CBA4F40
24860,03/05/2024 14:11:54,63.453457,10.363624,0101000020E6100000D714C8EC2CBA2440369204E10ABA4F40
24859,03/05/2024 14:11:55,63.453419,10.363584,0101000020E61000009EB29AAE27BA2440483140A209BA4F40
24858,03/05/2024 14:11:56,63.453382,10.363545,0101000020E6100000A73FFB9122BA24402B4CDF6B08BA4F40
24857,03/05/2024 14:11:57,63.453344,10.363506,0101000020E6100000AFCC5B751DBA24403DEB1A2D07BA4F40
24856,03/05/2024 14:11:58,63.453306,10.363465,0101000020E6100000357BA01518BA2440508A56EE05BA4F40
24855,03/05/2024 14:11:59,63.453266,10.363425,0101000020E6100000FC1873D712BA2440C231CB9E04BA4F40
24854,03/05/2024 14:12:00,63.453229,10.363384,0101000020E610000082C7B7770DBA2440A54C6A6803BA4F40
24853,03/05/2024 14:12:01,63.453193,10.363338,0101000020E6100000C0C9367007BA244058E36C3A02BA4F40
24852,03/05/2024 14:12:02,63.453157,10.36329,0101000020E61000007CED992501BA24400B7A6F0C01BA4F40
24851,03/05/2024 14:12:03,63.45312,10.363236,0101000020E6100000AF75A911FAB92440EE940ED6FFB94F40
24850,03/05/2024 14:12:05,63.453081,10.363181,0101000020E6100000A10E2BDCF2B9244030B8E68EFEB94F40
24849,03/05/2024 14:12:06,63.453043,10.363123,0101000020E6100000CFD90242EBB9244042572250FDB94F40
24848,03/05/2024 14:12:07,63.453004,10.363062,0101000020E610000038D73043E3B92440857AFA08FCB94F40
24847,03/05/2024 14:12:08,63.452965,10.363,0101000020E610000060E5D022DBB92440C79DD2C1FAB94F40
24846,03/05/2024 14:12:09,63.452923,10.362943,0101000020E6100000CF9F36AAD3B92440984D8061F9B94F40
24845,03/05/2024 14:12:10,63.452884,10.362886,0101000020E61000003E5A9C31CCB92440DA70581AF8B94F40
24844,03/05/2024 14:12:11,63.452803,10.36277,0101000020E610000099F04BFDBCB92440ED43DE72F5B94F40
24843,03/05/2024 14:12:12,63.452759,10.362712,0101000020E6100000C7BB2363B5B924401EFCC401F4B94F40
24842,03/05/2024 14:12:13,63.452712,10.362653,0101000020E6100000B3976DA7ADB92440DD408177F2B94F40
24841,03/05/2024 14:12:14,63.452662,10.362591,0101000020E6100000DBA50D87A5B924402B1213D4F0B94F40
24840,03/05/2024 14:12:15,63.452612,10.362528,0101000020E6100000C1C41F459DB9244079E3A430EFB94F40
24839,03/05/2024 14:12:16,63.45256,10.362462,0101000020E6100000E315889E94B9244027BD6F7CEDB94F40
24838,03/05/2024 14:12:17,63.452505,10.362397,0101000020E610000047567E198CB92440632310AFEBB94F40
24837,03/05/2024 14:12:18,63.452452,10.362325,0101000020E6100000E10B93A982B92440408177F2E9B94F40
24836,03/05/2024 14:12:19,63.452396,10.362253,0101000020E61000007AC1A73979B92440AD6BB41CE8B94F40
24835,03/05/2024 14:12:20,63.45234,10.362177,0101000020E61000000EBA84436FB924401956F146E6B94F40
24834,03/05/2024 14:12:21,63.452285,10.362104,0101000020E610000066800BB265B9244055BC9179E4B94F40
24833,03/05/2024 14:12:22,63.452226,10.362031,0101000020E6100000BF4692205CB924405033A48AE2B94F40
24832,03/05/2024 14:12:23,63.452167,10.36196,0101000020E61000009AEB34D252B924404BAAB69BE0B94F40
24831,03/05/2024 14:12:25,63.452107,10.361892,0101000020E6100000395E81E849B9244076A565A4DEB94F40
24830,03/05/2024 14:12:26,63.452045,10.361822,0101000020E610000056F2B1BB40B9244000A94D9CDCB94F40
24829,03/05/2024 14:12:27,63.451982,10.361751,0101000020E61000003197546D37B92440B930D28BDAB94F40
24828,03/05/2024 14:12:28,63.451918,10.361682,0101000020E61000008F1A13622EB92440A33CF372D8B94F40
24827,03/05/2024 14:12:29,63.451852,10.361614,0101000020E61000002E8D5F7825B92440EB504D49D6B94F40
24826,03/05/2024 14:12:30,63.451725,10.361492,0101000020E61000000188BB7A15B924408EE4F21FD2B94F40
24825,03/05/2024 14:12:31,63.451664,10.361429,0101000020E6100000E7A6CD380DB92440E8633E20D0B94F40
24824,03/05/2024 14:12:32,63.451602,10.361366,0101000020E6100000CEC5DFF604B9244072672618CEB94F40
24823,03/05/2024 14:12:33,63.451538,10.361304,0101000020E6100000F5D37FD6FCB824405C7347FFCBB94F40
24822,03/05/2024 14:12:34,63.451475,10.361248,0101000020E6100000A67D737FF5B8244015FBCBEEC9B94F40
24821,03/05/2024 14:12:35,63.451412,10.361192,0101000020E610000056276728EEB82440CF8250DEC7B94F40
24820,03/05/2024 14:12:36,63.451347,10.361139,0101000020E6100000CB9E0436E7B82440E8120EBDC5B94F40
24819,03/05/2024 14:12:37,63.451284,10.361088,0101000020E6100000C2F4BD86E0B82440A19A92ACC3B94F40
24818,03/05/2024 14:12:38,63.451223,10.361037,0101000020E6100000BA4A77D7D9B82440FC19DEACC1B94F40
24817,03/05/2024 14:12:39,63.451161,10.360987,0101000020E6100000F38FBE49D3B82440861DC6A4BFB94F40
24816,03/05/2024 14:12:40,63.451098,10.360937,0101000020E61000002CD505BCCCB824403FA54A94BDB94F40
24815,03/05/2024 14:12:42,63.451036,10.360887,0101000020E6100000651A4D2EC6B82440C9A8328CBBB94F40
24814,03/05/2024 14:12:43,63.450974,10.360837,0101000020E61000009E5F94A0BFB8244053AC1A84B9B94F40
24813,03/05/2024 14:12:44,63.450913,10.360789,0101000020E61000005983F755B9B82440AE2B6684B7B94F40
24812,03/05/2024 14:12:45,63.450853,10.360736,0101000020E6100000CEFA9463B2B82440D826158DB5B94F40
24811,03/05/2024 14:12:46,63.450794,10.360686,0101000020E61000000740DCD5ABB82440D39D279EB3B94F40
24810,03/05/2024 14:12:47,63.450736,10.360637,0101000020E61000008174B169A5B824409F909DB7B1B94F40
24809,03/05/2024 14:12:48,63.450622,10.360532,0101000020E6100000AC527AA697B82440D66D50FBADB94F40
24808,03/05/2024 14:12:49,63.450565,10.360479,0101000020E610000021CA17B490B8244072DC291DACB94F40
24807,03/05/2024 14:12:50,63.450508,10.360425,0101000020E6100000545227A089B824400E4B033FAAB94F40
24806,03/05/2024 14:12:51,63.450452,10.360371,0101000020E610000087DA368C82B824407A354069A8B94F40
24805,03/05/2024 14:12:52,63.450396,10.360319,0101000020E61000003D4162BB7BB82440E61F7D93A6B94F40
24804,03/05/2024 14:12:53,63.450339,10.360266,0101000020E6100000B2B8FFC874B82440828E56B5A4B94F40
24803,03/05/2024 14:12:54,63.450283,10.360212,0101000020E6100000E5400FB56DB82440EE7893DFA2B94F40
24802,03/05/2024 14:12:55,63.450226,10.360159,0101000020E61000005AB8ACC266B824408AE76C01A1B94F40
24801,03/05/2024 14:12:56,63.45017,10.360107,0101000020E6100000101FD8F15FB82440F6D1A92B9FB94F40
24800,03/05/2024 14:12:58,63.450114,10.360055,0101000020E6100000C685032159B8244062BCE6559DB94F40
24799,03/05/2024 14:12:59,63.450059,10.360001,0101000020E6100000F90D130D52B824409E2287889BB94F40
24798,03/05/2024 14:13:00,63.450004,10.359946,0101000020E6100000EBA694D74AB82440DB8827BB99B94F40
24797,03/05/2024 14:13:01,63.449948,10.35989,0101000020E61000009C50888043B82440477364E597B94F40
24796,03/05/2024 14:13:02,63.449891,10.35983,0101000020E6100000463D44A33BB82440E2E13D0796B94F40
24795,03/05/2024 14:13:03,63.449833,10.359771,0101000020E610000033198EE733B82440AED4B32094B94F40
24794,03/05/2024 14:13:04,63.449721,10.359648,0101000020E6100000C4245CC823B8244086A92D7590B94F40
24793,03/05/2024 14:13:05,63.449666,10.359588,0101000020E61000006E1118EB1BB82440C30FCEA78EB94F40
24792,03/05/2024 14:13:06,63.44961,10.359532,0101000020E61000001FBB0B9414B824402FFA0AD28CB94F40
24791,03/05/2024 14:13:07,63.449556,10.359474,0101000020E61000004C86E3F90CB824403BDC0E0D8BB94F40
24790,03/05/2024 14:13:08,63.449501,10.359416,0101000020E61000007A51BB5F05B824407842AF3F89B94F40
24789,03/05/2024 14:13:09,63.449447,10.359358,0101000020E6100000A81C93C5FDB724408524B37A87B94F40
24788,03/05/2024 14:13:10,63.449392,10.359301,0101000020E610000017D7F84CF6B72440C18A53AD85B94F40
24787,03/05/2024 14:13:11,63.449338,10.359248,0101000020E61000008B4E965AEFB72440CE6C57E883B94F40
24786,03/05/2024 14:13:12,63.449284,10.359193,0101000020E61000007DE71725E8B72440DB4E5B2382B94F40
24785,03/05/2024 14:13:13,63.449231,10.359141,0101000020E6100000334E4354E1B72440B8ACC26680B94F40
24784,03/05/2024 14:13:14,63.449179,10.359089,0101000020E6100000E9B46E83DAB7244065868DB27EB94F40
24783,03/05/2024 14:13:15,63.449125,10.359037,0101000020E61000009F1B9AB2D3B72440726891ED7CB94F40
24782,03/05/2024 14:13:16,63.449072,10.358987,0101000020E6100000D860E124CDB724404FC6F8307BB94F40
24781,03/05/2024 14:13:18,63.449019,10.358939,0101000020E6100000948444DAC6B724402D24607479B94F40
24780,03/05/2024 14:13:19,63.448967,10.358894,0101000020E6100000147651F4C0B72440DAFD2AC077B94F40
24779,03/05/2024 14:13:20,63.448913,10.358845,0101000020E61000008EAA2688BAB72440E7DF2EFB75B94F40
24778,03/05/2024 14:13:21,63.448859,10.358798,0101000020E61000008CBD175FB4B72440F4C1323674B94F40
24777,03/05/2024 14:13:22,63.448806,10.358751,0101000020E610000089D00836AEB72440D11F9A7972B94F40
24776,03/05/2024 14:13:23,63.448698,10.358658,0101000020E6100000C5E57805A2B72440EBE3A1EF6EB94F40
24775,03/05/2024 14:13:24,63.448643,10.358615,0101000020E6100000C8B5A1629CB72440274A42226DB94F40
24774,03/05/2024 14:13:25,63.448587,10.358572,0101000020E6100000CA85CABF96B7244093347F4C6BB94F40
24773,03/05/2024 14:13:26,63.448532,10.358528,0101000020E61000008C6665FB90B72440D09A1F7F69B94F40
24772,03/05/2024 14:13:27,63.448475,10.358483,0101000020E61000000C5872158BB724406B09F9A067B94F40
24771,03/05/2024 14:13:28,63.448416,10.358437,0101000020E61000004B5AF10D85B7244066800BB265B94F40
24770,03/05/2024 14:13:29,63.448356,10.358394,0101000020E61000004D2A1A6B7FB72440917BBABA63B94F40
24769,03/05/2024 14:13:30,63.448295,10.358348,0101000020E61000008C2C996379B72440EBFA05BB61B94F40
24768,03/05/2024 14:13:31,63.448233,10.358301,0101000020E6100000893F8A3A73B7244075FEEDB25FB94F40
24767,03/05/2024 14:13:32,63.448166,10.358252,0101000020E610000004745FCE6CB72440EE96E4805DB94F40
24766,03/05/2024 14:13:33,63.448096,10.358199,0101000020E610000078EBFCDB65B72440F5BBB0355BB94F40
24765,03/05/2024 14:13:34,63.448025,10.358151,0101000020E6100000340F60915FB724402B6519E258B94F40
24764,03/05/2024 14:13:36,63.447947,10.3581,0101000020E61000002C6519E258B72440B0ABC95356B94F40
24763,03/05/2024 14:13:37,63.447866,10.358056,0101000020E6100000ED45B41D53B72440C37E4FAC53B94F40
24762,03/05/2024 14:13:38,63.447784,10.358025,0101000020E6100000014D840D4FB7244006D671FC50B94F40
24761,03/05/2024 14:13:39,63.4477,10.357999,0101000020E61000005C001AA54BB72440A835CD3B4EB94F40
24760,03/05/2024 14:13:40,63.447613,10.357977,0101000020E6100000BD70E7C248B72440D921FE614BB94F40
24759,03/05/2024 14:13:41,63.447525,10.357954,0101000020E6100000DCF126BF45B724403A92CB7F48B94F40
24758,03/05/2024 14:13:42,63.44734,10.357906,0101000020E610000098158A743FB72440A818E76F42B94F40
24757,03/05/2024 14:13:43,63.447248,10.357884,0101000020E6100000F98557923CB72440C799266C3FB94F40
24756,03/05/2024 14:13:44,63.447151,10.357868,0101000020E6100000E29178793AB72440D5AF743E3CB94F40
24755,03/05/2024 14:13:45,63.447052,10.35785,0101000020E610000048BF7D1D38B7244042CEFBFF38B94F40
24754,03/05/2024 14:13:46,63.446952,10.357829,0101000020E6100000EA1ED95C35B72440DE701FB935B94F40
24753,03/05/2024 14:13:47,63.446852,10.357801,0101000020E6100000C3F352B131B724407B13437232B94F40
24752,03/05/2024 14:13:48,63.44675,10.357768,0101000020E6100000541C075E2DB7244076BE9F1A2FB94F40
24751,03/05/2024 14:13:49,63.446649,10.357734,0101000020E6100000A3552DE928B7244042E55FCB2BB94F40
24750,03/05/2024 14:13:51,63.446546,10.3577,0101000020E6100000F38E537424B724406E14596B28B94F40
24749,03/05/2024 14:13:51,63.446441,10.357664,0101000020E6100000C0E95DBC1FB72440F94B8BFA24B94F40
24748,03/05/2024 14:13:52,63.446336,10.357627,0101000020E61000004B55DAE21AB724408383BD8921B94F40
24747,03/05/2024 14:13:53,63.44623,10.357588,0101000020E610000054E23AC615B724403E3F8C101EB94F40
24746,03/05/2024 14:13:54,63.446123,10.357545,0101000020E610000057B2632310B72440287FF78E1AB94F40
24745,03/05/2024 14:13:56,63.446014,10.357498,0101000020E610000054C554FA09B7244071C79BFC16B94F40
24744,03/05/2024 14:13:57,63.445903,10.357449,0101000020E6100000CEF9298E03B724401918795913B94F40
24743,03/05/2024 14:13:58,63.445793,10.3574,0101000020E6100000492EFF21FDB6244092E4B9BE0FB94F40
24742,03/05/2024 14:13:59,63.445686,10.357356,0101000020E61000000A0F9A5DF7B624407C24253D0CB94F40
24741,03/05/2024 14:14:00,63.445468,10.357262,0101000020E610000005357C0BEBB624400FB56D1805B94F40
24740,03/05/2024 14:14:01,63.445359,10.357221,0101000020E61000008AE3C0ABE5B6244058FD118601B94F40
24739,03/05/2024 14:14:02,63.445253,10.357183,0101000020E6100000D45FAFB0E0B6244012B9E00CFEB84F40
24738,03/05/2024 14:14:03,63.445152,10.357144,0101000020E6100000DDEC0F94DBB62440DFDFA0BDFAB84F40
24737,03/05/2024 14:14:04,63.445054,10.357097,0101000020E6100000DAFF006BD5B624401C7A8B87F7B84F40
24736,03/05/2024 14:14:05,63.444961,10.357042,0101000020E6100000CC988235CEB624406B7F677BF4B84F40
24735,03/05/2024 14:14:06,63.444873,10.356983,0101000020E6100000B874CC79C6B62440CBEF3499F1B84F40
24734,03/05/2024 14:14:07,63.444794,10.35692,0101000020E61000009E93DE37BEB624407FBA8102EFB84F40
24733,03/05/2024 14:14:08,63.444719,10.356861,0101000020E61000008B6F287CB6B6244075745C8DECB84F40
24732,03/05/2024 14:14:09,63.444649,10.356793,0101000020E61000002AE27492ADB624407C992842EAB84F40
24731,03/05/2024 14:14:10,63.444583,10.356712,0101000020E6100000772E8CF4A2B62440C4AD8218E8B84F40
24730,03/05/2024 14:14:11,63.444523,10.356633,0101000020E61000004659BF9998B62440EFA83121E6B84F40
24729,03/05/2024 14:14:13,63.444459,10.356544,0101000020E6100000882B67EF8CB62440D8B45208E4B84F40
24728,03/05/2024 14:14:14,63.444394,10.356451,0101000020E6100000C440D7BE80B62440F14410E7E1B84F40
24727,03/05/2024 14:14:15,63.444332,10.356361,0101000020E6100000C423F1F274B624407B48F8DEDFB84F40
24726,03/05/2024 14:14:16,63.444264,10.356269,0101000020E61000004128EFE368B6244023658BA4DDB84F40
24725,03/05/2024 14:14:17,63.444199,10.356181,0101000020E6100000C4E9245B5DB624403CF54883DBB84F40
24724,03/05/2024 14:14:18,63.444075,10.356011,0101000020E61000005208E41247B6244050FC1873D7B84F40
24723,03/05/2024 14:14:19,63.444018,10.35593,0101000020E61000009F54FB743CB62440EC6AF294D5B84F40
24722,03/05/2024 14:14:20,63.443958,10.355844,0101000020E6100000A5F44C2F31B624401666A19DD3B84F40
24721,03/05/2024 14:14:21,63.443895,10.355751,0101000020E6100000E109BDFE24B62440D0ED258DD1B84F40
24720,03/05/2024 14:14:22,63.443832,10.355654,0101000020E61000001762F54718B624408A75AA7CCFB84F40
24719,03/05/2024 14:14:23,63.44377,10.355557,0101000020E61000004DBA2D910BB6244014799274CDB84F40
24718,03/05/2024 14:14:24,63.443712,10.355469,0101000020E6100000D07B630800B62440DF6B088ECBB84F40
24717,03/05/2024 14:14:25,63.443656,10.355379,0101000020E6100000D05E7D3CF4B524404B5645B8C9B84F40
24716,03/05/2024 14:14:26,63.443601,10.355299,0101000020E61000005E9A22C0E9B5244087BCE5EAC7B84F40
24715,03/05/2024 14:14:27,63.44355,10.355224,0101000020E610000034828DEBDFB524400512143FC6B84F40
24714,03/05/2024 14:14:28,63.443502,10.355154,0101000020E61000005016BEBED6B52440F4DA6CACC4B84F40
24713,03/05/2024 14:14:30,63.443459,10.355088,0101000020E610000073672618CEB52440F50EB743C3B84F40
24712,03/05/2024 14:14:31,63.443424,10.355033,0101000020E61000006400A8E2C6B5244079211D1EC2B84F40
24711,03/05/2024 14:14:32,63.443389,10.354976,0101000020E6100000D3BA0D6ABFB52440FC3383F8C0B84F40
24710,03/05/2024 14:14:33,63.443356,10.354927,0101000020E61000004EEFE2FDB8B52440203EB0E3BFB84F40
24709,03/05/2024 14:14:34,63.443327,10.354883,0101000020E61000000FD07D39B3B5244086376BF0BEB84F40
24708,03/05/2024 14:14:35,63.443267,10.354799,0101000020E6100000984EEB36A8B52440B1321AF9BCB84F40
24707,03/05/2024 14:14:36,63.443236,10.354758,0101000020E61000001EFD2FD7A2B5244076340EF5BBB84F40
24706,03/05/2024 14:14:37,63.443205,10.354717,0101000020E6100000A3AB74779DB524403B3602F1BAB84F40
24705,03/05/2024 14:14:54,63.442934,10.354354,0101000020E6100000DF6932E36DB52440AA24B20FB2B84F40
24704,03/05/2024 14:14:55,63.442916,10.354317,0101000020E61000006BD5AE0969B524400470B378B1B84F40
24703,03/05/2024 14:14:56,63.442905,10.354298,0101000020E61000009013268C66B52440101E6D1CB1B84F40
24702,03/05/2024 14:14:57,63.442895,10.354281,0101000020E61000003830B95164B52440ED478AC8B0B84F40
24701,03/05/2024 14:14:58,63.442886,10.354264,0101000020E6100000DF4C4C1762B5244099ED0A7DB0B84F40
24700,03/05/2024 14:14:59,63.442879,10.354249,0101000020E61000000A48FB1F60B52440E78A5242B0B84F40
24699,03/05/2024 14:15:00,63.442869,10.354228,0101000020E6100000ACA7565F5DB52440C3B46FEEAFB84F40
24698,03/05/2024 14:15:01,63.442859,10.354212,0101000020E610000096B377465BB52440A0DE8C9AAFB84F40
24697,03/05/2024 14:15:02,63.442853,10.354197,0101000020E6100000C0AE264F59B52440BEF73768AFB84F40
24696,03/05/2024 14:15:03,63.442845,10.35418,0101000020E610000068CBB91457B524403B191C25AFB84F40
24695,03/05/2024 14:15:04,63.442838,10.354165,0101000020E610000093C6681D55B5244088B663EAAEB84F40
24694,03/05/2024 14:15:31,63.442689,10.353826,0101000020E6100000F1F274AE28B5244043A67C08AAB84F40
24693,03/05/2024 14:15:32,63.442683,10.353819,0101000020E6100000276893C327B5244061BF27D6A9B84F40
24692,03/05/2024 14:15:33,63.442677,10.353812,0101000020E61000005DDDB1D826B524407FD8D2A3A9B84F40
24691,03/05/2024 14:15:34,63.442671,10.353809,0101000020E6100000990F087426B524409DF17D71A9B84F40
24690,03/05/2024 14:15:35,63.442662,10.353799,0101000020E61000000BB77C2425B524404A97FE25A9B84F40
24689,03/05/2024 14:15:36,63.442652,10.353786,0101000020E6100000B890477023B5244026C11BD2A8B84F40
24688,03/05/2024 14:15:37,63.442645,10.353776,0101000020E61000002A38BC2022B52440745E6397A8B84F40
24687,03/05/2024 14:15:38,63.442638,10.353764,0101000020E61000001901158E20B52440C1FBAA5CA8B84F40
24686,03/05/2024 14:15:39,63.442629,10.353752,0101000020E610000008CA6DFB1EB524406EA12B11A8B84F40
24685,03/05/2024 14:15:40,63.442621,10.35374,0101000020E6100000F792C6681DB52440EBC20FCEA7B84F40
24684,03/05/2024 14:15:41,63.442613,10.353725,0101000020E6100000218E75711BB5244068E4F38AA7B84F40
24683,03/05/2024 14:15:42,63.442603,10.353709,0101000020E61000000B9A965819B52440450E1137A7B84F40
24682,03/05/2024 14:15:43,63.442595,10.353695,0101000020E61000007784D38217B52440C22FF5F3A6B84F40
24681,03/05/2024 14:15:44,63.442587,10.35368,0101000020E6100000A17F828B15B524403F51D9B0A6B84F40
24680,03/05/2024 14:15:45,63.442578,10.353667,0101000020E61000004F594DD713B52440ECF65965A6B84F40
24679,03/05/2024 14:15:46,63.44257,10.353653,0101000020E6100000BB438A0112B5244069183E22A6B84F40
24678,03/05/2024 14:15:47,63.442561,10.353636,0101000020E610000063601DC70FB5244016BEBED6A5B84F40
24677,03/05/2024 14:15:49,63.442552,10.353623,0101000020E6100000103AE8120EB52440C3633F8BA5B84F40
24676,03/05/2024 14:15:50,63.442533,10.353599,0101000020E6100000EECB99ED0AB524404C33DDEBA4B84F40
24675,03/05/2024 14:15:51,63.442525,10.353586,0101000020E61000009CA5643909B52440C954C1A8A4B84F40
24674,03/05/2024 14:15:52,63.442516,10.353572,0101000020E61000000890A16307B5244076FA415DA4B84F40
24673,03/05/2024 14:15:53,63.442507,10.353559,0101000020E6100000B5696CAF05B5244023A0C211A4B84F40
24672,03/05/2024 14:15:54,63.4425,10.353545,0101000020E61000002154A9D903B52440703D0AD7A3B84F40
24671,03/05/2024 14:15:55,63.442493,10.353527,0101000020E61000008881AE7D01B52440BEDA519CA3B84F40
24670,03/05/2024 14:15:56,63.442484,10.35351,0101000020E6100000309E4143FFB424406B80D250A3B84F40
24669,03/05/2024 14:15:57,63.442474,10.353493,0101000020E6100000D8BAD408FDB4244047AAEFFCA2B84F40
24668,03/05/2024 14:15:58,63.442465,10.353472,0101000020E61000007A1A3048FAB42440F44F70B1A2B84F40
24667,03/05/2024 14:15:59,63.442455,10.353451,0101000020E61000001C7A8B87F7B42440D0798D5DA2B84F40
24666,03/05/2024 14:16:00,63.442448,10.353432,0101000020E610000041B8020AF5B424401E17D522A2B84F40
24665,03/05/2024 14:16:01,63.442438,10.353412,0101000020E61000002407EC6AF2B42440FA40F2CEA1B84F40
24664,03/05/2024 14:16:02,63.442426,10.353387,0101000020E6100000C1A90F24EFB424403673486AA1B84F40
24663,03/05/2024 14:16:03,63.442413,10.353362,0101000020E61000005D4C33DDEBB42440A1293BFDA0B84F40
24662,03/05/2024 14:16:04,63.4424,10.353336,0101000020E6100000B8FFC874E8B424400DE02D90A0B84F40
24661,03/05/2024 14:16:06,63.442386,10.353308,0101000020E610000091D442C9E4B42440A81ABD1AA0B84F40
24660,03/05/2024 14:16:07,63.44237,10.35328,0101000020E610000069A9BC1DE1B42440A25D85949FB84F40
24659,03/05/2024 14:16:08,63.442355,10.353249,0101000020E61000007DB08C0DDDB424406D1CB1169FB84F40
24658,03/05/2024 14:16:09,63.442325,10.353187,0101000020E6100000A5BE2CEDD4B42440029A081B9EB84F40
24657,03/05/2024 14:16:10,63.442311,10.353153,0101000020E6100000F4F75278D0B424409DD497A59DB84F40
24656,03/05/2024 14:16:11,63.442297,10.353116,0101000020E61000008063CF9ECBB42440380F27309DB84F40
24655,03/05/2024 14:16:12,63.442282,10.353079,0101000020E61000000BCF4BC5C6B4244003CE52B29CB84F40
24654,03/05/2024 14:16:13,63.442268,10.353041,0101000020E6100000554B3ACAC1B424409E08E23C9CB84F40
24653,03/05/2024 14:16:14,63.442255,10.353008,0101000020E6100000E673EE76BDB4244009BFD4CF9BB84F40
24652,03/05/2024 14:16:15,63.442243,10.352975,0101000020E6100000779CA223B9B4244045F12A6B9BB84F40
24651,03/05/2024 14:16:16,63.44223,10.352942,0101000020E610000008C556D0B4B42440B0A71DFE9AB84F40
24650,03/05/2024 14:16:17,63.442216,10.352908,0101000020E610000058FE7C5BB0B424404BE2AC889AB84F40
24649,03/05/2024 14:16:18,63.442201,10.352871,0101000020E6100000E469F981ABB4244016A1D80A9AB84F40
24648,03/05/2024 14:16:19,63.442185,10.352834,0101000020E61000006FD575A8A6B4244010E4A08499B84F40
24647,03/05/2024 14:16:20,63.44217,10.352796,0101000020E6100000B95164ADA1B42440DBA2CC0699B84F40
24646,03/05/2024 14:16:21,63.442155,10.352757,0101000020E6100000C1DEC4909CB42440A661F88898B84F40
24645,03/05/2024 14:16:22,63.442141,10.352719,0101000020E61000000B5BB39597B42440419C871398B84F40
24644,03/05/2024 14:16:23,63.442128,10.352682,0101000020E610000097C62FBC92B42440AC527AA697B84F40
24643,03/05/2024 14:16:24,63.442114,10.352645,0101000020E61000002232ACE28DB42440478D093197B84F40
24642,03/05/2024 14:16:25,63.442084,10.352568,0101000020E6100000753BFBCA83B42440DC0A613596B84F40
24641,03/05/2024 14:16:27,63.442069,10.352527,0101000020E6100000FBE93F6B7EB42440A7C98CB795B84F40
24640,03/05/2024 14:16:28,63.442054,10.352487,0101000020E6100000C287122D79B424407288B83995B84F40
24639,03/05/2024 14:16:29,63.442039,10.352447,0101000020E61000008925E5EE73B424403C47E4BB94B84F40
24638,03/05/2024 14:16:30,63.442025,10.352407,0101000020E610000050C3B7B06EB42440D781734694B84F40
24637,03/05/2024 14:16:31,63.442011,10.352367,0101000020E610000017618A7269B4244072BC02D193B84F40
24636,03/05/2024 14:16:32,63.441996,10.352326,0101000020E61000009D0FCF1264B424403D7B2E5393B84F40
24635,03/05/2024 14:16:33,63.441982,10.352284,0101000020E6100000E1CE85915EB42440D8B5BDDD92B84F40
24634,03/05/2024 14:16:34,63.441969,10.352246,0101000020E61000002B4B749659B42440446CB07092B84F40
24633,03/05/2024 14:16:35,63.441955,10.352208,0101000020E610000075C7629B54B42440DFA63FFB91B84F40
24632,03/05/2024 14:16:36,63.44194,10.352174,0101000020E6100000C500892650B42440A9656B7D91B84F40
24631,03/05/2024 14:16:37,63.441924,10.352138,0101000020E6100000925B936E4BB42440A4A833F790B84F40
24630,03/05/2024 14:16:38,63.441908,10.352096,0101000020E6100000D61A4AED45B424409EEBFB7090B84F40
24629,03/05/2024 14:16:39,63.441892,10.352058,0101000020E6100000209738F240B42440982EC4EA8FB84F40
24628,03/05/2024 14:16:40,63.441879,10.352021,0101000020E6100000AB02B5183CB4244004E5B67D8FB84F40
24627,03/05/2024 14:16:41,63.441866,10.351983,0101000020E6100000F57EA31D37B424406F9BA9108FB84F40
24626,03/05/2024 14:16:42,63.441852,10.351945,0101000020E61000003FFB912232B424400AD6389B8EB84F40
24625,03/05/2024 14:16:43,63.44184,10.351906,0101000020E61000004888F2052DB4244046088F368EB84F40
24624,03/05/2024 14:16:45,63.441827,10.351864,0101000020E61000008C47A98427B42440B1BE81C98DB84F40
24623,03/05/2024 14:16:46,63.441816,10.351828,0101000020E610000059A2B3CC22B42440BD6C3B6D8DB84F40
24622,03/05/2024 14:16:47,63.441809,10.351801,0101000020E61000007366BB421FB424400B0A83328DB84F40
24621,03/05/2024 14:16:48,63.441798,10.351762,0101000020E61000007BF31B261AB4244017B83CD68CB84F40
24620,03/05/2024 14:16:49,63.441785,10.35172,0101000020E6100000C0B2D2A414B42440826E2F698CB84F40
24619,03/05/2024 14:16:50,63.441773,10.351678,0101000020E6100000047289230FB42440BEA085048CB84F40
24618,03/05/2024 14:16:51,63.441746,10.351595,0101000020E6100000CEDF844204B42440C49107228BB84F40
24617,03/05/2024 14:16:52,63.441733,10.351558,0101000020E6100000594B0169FFB324403048FAB48AB84F40
24616,03/05/2024 14:16:53,63.441719,10.351519,0101000020E610000062D8614CFAB32440CB82893F8AB84F40
24615,03/05/2024 14:16:54,63.441704,10.351478,0101000020E6100000E886A6ECF4B324409541B5C189B84F40
24614,03/05/2024 14:16:55,63.44169,10.351442,0101000020E6100000B4E1B034F0B32440307C444C89B84F40
24613,03/05/2024 14:16:56,63.441676,10.351403,0101000020E6100000BD6E1118EBB32440CBB6D3D688B84F40
24612,03/05/2024 14:16:57,63.441663,10.351371,0101000020E6100000908653E6E6B32440376DC66988B84F40
24611,03/05/2024 14:16:58,63.441648,10.351337,0101000020E6100000DFBF7971E2B32440012CF2EB87B84F40
24610,03/05/2024 14:16:59,63.441633,10.351299,0101000020E6100000293C6876DDB32440CCEA1D6E87B84F40
24609,03/05/2024 14:17:01,63.441618,10.351262,0101000020E6100000B5A7E49CD8B3244097A949F086B84F40
24608,03/05/2024 14:17:02,63.441602,10.351221,0101000020E61000003A56293DD3B3244091EC116A86B84F40
24607,03/05/2024 14:17:03,63.441585,10.351179,0101000020E61000007F15E0BBCDB32440BBB376DB85B84F40
24606,03/05/2024 14:17:04,63.441571,10.351141,0101000020E6100000C991CEC0C8B3244056EE056685B84F40
24605,03/05/2024 14:17:05,63.441557,10.351104,0101000020E610000054FD4AE7C3B32440F12895F084B84F40
24604,03/05/2024 14:17:06,63.441544,10.351066,0101000020E61000009E7939ECBEB324405DDF878384B84F40
24603,03/05/2024 14:17:07,63.441527,10.351028,0101000020E6100000E8F527F1B9B3244087A6ECF483B84F40
24602,03/05/2024 14:17:08,63.441516,10.350993,0101000020E6100000F63FC05AB5B324409354A69883B84F40
24601,03/05/2024 14:17:09,63.441488,10.35092,0101000020E61000004F0647C9ABB32440C9C9C4AD82B84F40
24600,03/05/2024 14:17:10,63.441474,10.350873,0101000020E61000004C1938A0A5B324406404543882B84F40
24599,03/05/2024 14:17:11,63.44146,10.350836,0101000020E6100000D784B4C6A0B32440FF3EE3C281B84F40
24598,03/05/2024 14:17:12,63.441445,10.350799,0101000020E610000063F030ED9BB32440C9FD0E4581B84F40
24597,03/05/2024 14:17:13,63.44143,10.350767,0101000020E6100000350873BB97B3244094BC3AC780B84F40
24596,03/05/2024 14:17:14,63.441415,10.350731,0101000020E610000002637D0393B324405F7B664980B84F40
24595,03/05/2024 14:17:15,63.441403,10.350694,0101000020E61000008DCEF9298EB324409AADBCE47FB84F40
24594,03/05/2024 14:17:16,63.441386,10.350662,0101000020E610000060E63BF889B32440C47421567FB84F40
24593,03/05/2024 14:17:17,63.44137,10.350627,0101000020E61000006E30D46185B32440BFB7E9CF7EB84F40
24592,03/05/2024 14:17:18,63.441356,10.350591,0101000020E61000003B8BDEA980B324405AF2785A7EB84F40
24591,03/05/2024 14:17:19,63.441346,10.350555,0101000020E610000008E6E8F17BB32440361C96067EB84F40
24590,03/05/2024 14:17:20,63.441336,10.350518,0101000020E61000009351651877B324401346B3B27DB84F40
24589,03/05/2024 14:17:22,63.441324,10.350481,0101000020E61000001FBDE13E72B324404E78094E7DB84F40
24588,03/05/2024 14:17:23,63.441311,10.350444,0101000020E6100000AA285E656DB32440BA2EFCE07CB84F40
24587,03/05/2024 14:17:24,63.441299,10.350409,0101000020E6100000B872F6CE68B32440F560527C7CB84F40
24586,03/05/2024 14:17:25,63.441285,10.35037,0101000020E6100000C1FF56B263B32440919BE1067CB84F40
24585,03/05/2024 14:17:26,63.441273,10.350336,0101000020E610000010397D3D5FB32440CCCD37A27BB84F40
24584,03/05/2024 14:17:27,63.441259,10.350299,0101000020E61000009CA4F9635AB324406708C72C7BB84F40
24583,03/05/2024 14:17:28,63.441239,10.350235,0101000020E610000041D47D0052B32440205C01857AB84F40
24582,03/05/2024 14:17:29,63.44123,10.350201,0101000020E6100000910DA48B4DB32440CD0182397AB84F40
24581,03/05/2024 14:17:30,63.44122,10.350167,0101000020E6100000E046CA1649B32440A92B9FE579B84F40
24580,03/05/2024 14:17:31,63.441212,10.350132,0101000020E6100000EF90628044B32440274D83A279B84F40
24579,03/05/2024 14:17:32,63.441205,10.350099,0101000020E610000080B9162D40B3244074EACA6779B84F40
24578,03/05/2024 14:17:33,63.441198,10.350067,0101000020E610000052D158FB3BB32440C287122D79B84F40
24577,03/05/2024 14:17:34,63.441189,10.350037,0101000020E6100000A8C7B60C38B324406E2D93E178B84F40
24576,03/05/2024 14:17:35,63.441183,10.350005,0101000020E61000007ADFF8DA33B324408C463EAF78B84F40
24575,03/05/2024 14:17:36,63.441179,10.349982,0101000020E6100000996038D730B324404B57B08D78B84F40
24574,03/05/2024 14:17:37,63.441174,10.349962,0101000020E61000007DAF21382EB3244039ECBE6378B84F40
24573,03/05/2024 14:17:38,63.441168,10.349939,0101000020E61000009C3061342BB3244057056A3178B84F40
24572,03/05/2024 14:17:39,63.441162,10.349921,0101000020E6100000035E66D828B32440751E15FF77B84F40
24571,03/05/2024 14:17:41,63.441155,10.349904,0101000020E6100000AA7AF99D26B32440C2BB5CC477B84F40
24570,03/05/2024 14:17:42,63.441149,10.349885,0101000020E6100000CFB8702024B32440E0D4079277B84F40
24569,03/05/2024 14:17:43,63.441143,10.34987,0101000020E6100000FAB31F2922B32440FEEDB25F77B84F40
24568,03/05/2024 14:17:44,63.441136,10.349854,0101000020E6100000E3BF401020B324404C8BFA2477B84F40
24567,03/05/2024 14:17:45,63.441131,10.349839,0101000020E61000000EBBEF181EB324403A2009FB76B84F40
24566,03/05/2024 14:17:46,63.441119,10.349814,0101000020E6100000AB5D13D21AB3244076525F9676B84F40
24565,03/05/2024 14:17:47,63.441112,10.349798,0101000020E6100000946934B918B32440C3EFA65B76B84F40
24564,03/05/2024 14:17:48,63.441106,10.349786,0101000020E610000083328D2617B32440E108522976B84F40
24563,03/05/2024 14:17:49,63.441099,10.349773,0101000020E6100000300C587215B324402EA699EE75B84F40
24562,03/05/2024 14:17:50,63.441093,10.349759,0101000020E61000009CF6949C13B324404CBF44BC75B84F40
24561,03/05/2024 14:17:51,63.441086,10.349746,0101000020E61000004AD05FE811B324409A5C8C8175B84F40
24560,03/05/2024 14:17:52,63.441078,10.349734,0101000020E61000003999B85510B32440177E703E75B84F40
24559,03/05/2024 14:17:53,63.441073,10.34972,0101000020E6100000A583F57F0EB3244005137F1475B84F40
24558,03/05/2024 14:17:54,63.441066,10.349708,0101000020E6100000944C4EED0CB3244053B0C6D974B84F40
24557,03/05/2024 14:17:55,63.441061,10.349698,0101000020E610000006F4C29D0BB324404145D5AF74B84F40
24556,03/05/2024 14:17:56,63.441056,10.349685,0101000020E6100000B3CD8DE909B324402FDAE38574B84F40
24555,03/05/2024 14:17:57,63.441052,10.349673,0101000020E6100000A296E65608B32440EEEA556474B84F40
24554,03/05/2024 14:17:58,63.441047,10.34966,0101000020E61000005070B1A206B32440DC7F643A74B84F40
24553,03/05/2024 14:18:00,63.441042,10.349647,0101000020E6100000FD497CEE04B32440CA14731074B84F40
24552,03/05/2024 14:18:01,63.441036,10.349633,0101000020E61000006934B91803B32440E82D1EDE73B84F40
24551,03/05/2024 14:18:02,63.441031,10.349622,0101000020E61000009AEC9FA701B32440D6C22CB473B84F40
24550,03/05/2024 14:18:03,63.441026,10.349611,0101000020E6100000CAA4863600B32440C4573B8A73B84F40
24549,03/05/2024 14:18:04,63.441019,10.349601,0101000020E61000003C4CFBE6FEB2244012F5824F73B84F40
24548,03/05/2024 14:18:05,63.441008,10.349579,0101000020E61000009DBCC804FCB224401EA33CF372B84F40
24547,03/05/2024 14:18:06,63.441004,10.349571,0101000020E6100000914259F8FAB22440DDB3AED172B84F40
24546,03/05/2024 14:18:07,63.440997,10.349558,0101000020E61000003F1C2444F9B224402A51F69672B84F40
24545,03/05/2024 14:18:08,63.44099,10.349542,0101000020E61000002828452BF7B2244078EE3D5C72B84F40
24544,03/05/2024 14:18:09,63.440983,10.349533,0101000020E6100000DBBE47FDF5B22440C58B852172B84F40
24543,03/05/2024 14:18:10,63.440978,10.349523,0101000020E61000004D66BCADF4B22440B32094F771B84F40
24542,03/05/2024 14:18:11,63.440972,10.349509,0101000020E6100000B950F9D7F2B22440D1393FC571B84F40
24541,03/05/2024 14:18:12,63.440966,10.349495,0101000020E6100000253B3602F1B22440EF52EA9271B84F40
24540,03/05/2024 14:18:13,63.44096,10.349488,0101000020E61000005BB05417F0B224400D6C956071B84F40
24539,03/05/2024 14:18:14,63.440953,10.349477,0101000020E61000008C683BA6EEB224405B09DD2571B84F40
24538,03/05/2024 14:18:15,63.440947,10.349466,0101000020E6100000BC202235EDB22440782288F370B84F40
24537,03/05/2024 14:18:17,63.440941,10.349454,0101000020E6100000ABE97AA2EBB22440963B33C170B84F40
24536,03/05/2024 14:18:18,63.440933,10.349438,0101000020E610000094F59B89E9B22440135D177E70B84F40
24535,03/05/2024 14:18:19,63.440925,10.349424,0101000020E610000000E0D8B3E7B22440917EFB3A70B84F40
24534,03/05/2024 14:18:20,63.440919,10.349413,0101000020E61000003198BF42E6B22440AE97A60870B84F40
24533,03/05/2024 14:18:21,63.440912,10.349397,0101000020E61000001AA4E029E4B22440FC34EECD6FB84F40
24532,03/05/2024 14:18:22,63.440905,10.349382,0101000020E6100000459F8F32E2B2244049D235936FB84F40
24531,03/05/2024 14:18:23,63.440899,10.349372,0101000020E6100000B64604E3E0B2244067EBE0606FB84F40
24530,03/05/2024 14:18:24,63.440886,10.349351,0101000020E610000059A65F22DEB22440D3A1D3F36EB84F40
24529,03/05/2024 14:18:25,63.44088,10.349344,0101000020E61000008F1B7E37DDB22440F1BA7EC16EB84F40
24528,03/05/2024 14:18:26,63.440873,10.349334,0101000020E610000000C3F2E7DBB224403E58C6866EB84F40
24527,03/05/2024 14:18:27,63.440867,10.349325,0101000020E6100000B459F5B9DAB224405C7171546EB84F40
24526,03/05/2024 14:18:28,63.44086,10.349321,0101000020E6100000AE9CBD33DAB22440A90EB9196EB84F40
24525,03/05/2024 14:18:43,63.440773,10.349197,0101000020E6100000FEB8FDF2C9B22440DBFAE93F6BB84F40
24524,03/05/2024 14:18:44,63.440766,10.349191,0101000020E6100000751DAA29C9B22440289831056BB84F40
24523,03/05/2024 14:18:45,63.44076,10.349193,0101000020E6100000F8FBC56CC9B2244046B1DCD26AB84F40
24522,03/05/2024 14:18:46,63.440755,10.349188,0101000020E6100000B14F00C5C8B224403446EBA86AB84F40
24521,03/05/2024 14:19:14,63.440721,10.34918,0101000020E6100000A5D590B8C7B2244088D4B48B69B84F40
24520,03/05/2024 14:19:16,63.440718,10.349172,0101000020E61000009A5B21ACC6B2244017618A7269B84F40
24519,03/05/2024 14:20:17,63.440734,10.349112,0101000020E61000004548DDCEBEB224401D1EC2F869B84F40
24518,03/05/2024 14:21:17,63.44071,10.349148,0101000020E610000078EDD286C3B2244094826E2F69B84F40
24517,03/05/2024 14:22:17,63.440718,10.349237,0101000020E6100000361B2B31CFB2244017618A7269B84F40
24516,03/05/2024 14:23:18,63.440727,10.349157,0101000020E6100000C556D0B4C4B224406ABB09BE69B84F40
24515,03/05/2024 14:24:18,63.440709,10.34916,0101000020E610000089247A19C5B22440C4060B2769B84F40
24514,03/05/2024 14:25:19,63.440723,10.349174,0101000020E61000001D3A3DEFC6B2244029CC7B9C69B84F40
24513,03/05/2024 14:26:20,63.440716,10.349161,0101000020E6100000CA13083BC5B224407669C36169B84F40
24512,03/05/2024 14:27:21,63.440699,10.349161,0101000020E6100000CA13083BC5B22440A03028D368B84F40
24511,03/05/2024 14:28:21,63.440687,10.349199,0101000020E610000080971936CAB22440DC627E6E68B84F40
24510,03/05/2024 14:29:21,63.440702,10.349129,0101000020E61000009D2B4A09C1B2244011A452EC68B84F40
24509,03/05/2024 14:30:22,63.440733,10.349052,0101000020E6100000F03499F1B6B224404CA25EF069B84F40
24508,03/05/2024 14:31:23,63.440758,10.349013,0101000020E6100000F8C1F9D4B1B22440A5B915C26AB84F40
24507,03/05/2024 14:32:23,63.440731,10.349061,0101000020E61000003C9E961FB8B22440ACAA97DF69B84F40
24506,03/05/2024 14:33:24,63.440703,10.349001,0101000020E6100000E78A5242B0B22440E21FB6F468B84F40
24505,03/05/2024 14:34:24,63.440705,10.349079,0101000020E6100000D670917BBAB2244082177D0569B84F40
24504,03/05/2024 14:35:24,63.440707,10.349087,0101000020E6100000E1EA0088BBB22440230F441669B84F40
24503,03/05/2024 14:36:25,63.440719,10.349038,0101000020E61000005C1FD61BB5B22440E7DCED7A69B84F40
24502,03/05/2024 14:37:25,63.440715,10.349101,0101000020E61000007500C45DBDB22440A6ED5F5969B84F40
24501,03/05/2024 14:38:25,63.440756,10.348891,0101000020E6100000CBBC55D7A1B2244005C24EB16AB84F40
24500,03/05/2024 14:39:25,63.440669,10.348871,0101000020E6100000AE0B3F389FB2244036AE7FD767B84F40
24499,03/05/2024 14:40:26,63.4407,10.348913,0101000020E61000006A4C88B9A4B2244071AC8BDB68B84F40
24498,03/05/2024 14:41:27,63.440692,10.34896,0101000020E61000006D3997E2AAB22440EECD6F9868B84F40
24497,03/05/2024 14:42:27,63.440695,10.349024,0101000020E6100000C8091346B3B224405F419AB168B84F40
24496,03/05/2024 14:43:27,63.44068,10.348987,0101000020E610000053758F6CAEB224402A00C63368B84F40
24495,03/05/2024 14:44:28,63.440694,10.349037,0101000020E61000001A3048FAB4B224408FC536A968B84F40
24494,03/05/2024 14:45:29,63.440682,10.349037,0101000020E61000001A3048FAB4B22440CAF78C4468B84F40
24493,03/05/2024 14:46:29,63.440654,10.34899,0101000020E6100000174339D1AEB22440006DAB5967B84F40
24492,03/05/2024 14:47:30,63.440717,10.349057,0101000020E610000037E15E99B7B2244047E5266A69B84F40
24491,03/05/2024 14:48:31,63.440703,10.349059,0101000020E6100000B9BF7ADCB7B22440E21FB6F468B84F40
24490,03/05/2024 14:49:32,63.440696,10.349055,0101000020E6100000B4024356B7B224402FBDFDB968B84F40
24489,03/05/2024 14:50:33,63.440678,10.349058,0101000020E610000078D0ECBAB7B224408908FF2268B84F40
24488,03/05/2024 14:51:34,63.440696,10.349086,0101000020E6100000A0FB7266BBB224402FBDFDB968B84F40
24487,03/05/2024 14:52:04,63.44065,10.349196,0101000020E6100000BCC96FD1C9B22440BF7D1D3867B84F40
24486,03/05/2024 14:52:05,63.440645,10.349189,0101000020E6100000F23E8EE6C8B22440AD122C0E67B84F40
24485,03/05/2024 14:52:06,63.440642,10.34919,0101000020E6100000342E1C08C9B224403C9F01F566B84F40
24484,03/05/2024 14:52:08,63.440633,10.349177,0101000020E6100000E107E753C7B22440E94482A966B84F40
24483,03/05/2024 14:52:09,63.44063,10.349175,0101000020E61000005E29CB10C7B2244078D1579066B84F40
24482,03/05/2024 14:52:10,63.440627,10.349177,0101000020E6100000E107E753C7B22440075E2D7766B84F40
24481,03/05/2024 14:52:12,63.440617,10.349187,0101000020E61000006F6072A3C8B22440E3874A2366B84F40
24480,03/05/2024 14:52:13,63.440609,10.34919,0101000020E6100000342E1C08C9B2244060A92EE065B84F40
24479,03/05/2024 14:52:15,63.440597,10.349195,0101000020E61000007BDAE1AFC9B224409CDB847B65B84F40
24478,03/05/2024 14:52:17,63.440594,10.349196,0101000020E6100000BCC96FD1C9B224402B685A6265B84F40
24477,03/05/2024 14:52:19,63.440585,10.349206,0101000020E61000004A22FB20CBB22440D80DDB1665B84F40
24476,03/05/2024 14:52:20,63.44058,10.349209,0101000020E61000000FF0A485CBB22440C6A2E9EC64B84F40
24475,03/05/2024 14:52:23,63.440578,10.349241,0101000020E61000003CD862B7CFB2244025AB22DC64B84F40
24474,03/05/2024 14:52:24,63.440575,10.349253,0101000020E61000004D0F0A4AD1B22440B437F8C264B84F40
24473,03/05/2024 14:52:26,63.440572,10.349267,0101000020E6100000E124CD1FD3B2244043C4CDA964B84F40
24472,03/05/2024 14:52:27,63.440567,10.34928,0101000020E6100000344B02D4D4B224403159DC7F64B84F40
24471,03/05/2024 14:52:28,63.440564,10.349293,0101000020E610000086713788D6B22440C0E5B16664B84F40
24470,03/05/2024 14:52:29,63.440562,10.349309,0101000020E61000009D6516A1D8B2244020EEEA5564B84F40
24469,03/05/2024 14:52:30,63.440564,10.34933,0101000020E6100000FB05BB61DBB22440C0E5B16664B84F40
24468,03/05/2024 14:52:31,63.440565,10.349349,0101000020E6100000D6C743DFDDB224409161156F64B84F40
24467,03/05/2024 14:52:32,63.440567,10.349395,0101000020E610000097C5C4E6E3B224403159DC7F64B84F40
24466,03/05/2024 14:52:35,63.440565,10.349459,0101000020E6100000F295404AECB224409161156F64B84F40
24465,03/05/2024 14:52:36,63.440564,10.349478,0101000020E6100000CD57C9C7EEB22440C0E5B16664B84F40
24464,03/05/2024 14:52:37,63.440566,10.349498,0101000020E6100000E908E066F1B2244061DD787764B84F40
24463,03/05/2024 14:52:38,63.440567,10.349517,0101000020E6100000C4CA68E4F3B224403159DC7F64B84F40
24462,03/05/2024 14:52:39,63.440569,10.349541,0101000020E6100000E738B709F7B22440D250A39064B84F40
24461,03/05/2024 14:52:40,63.440568,10.349553,0101000020E6100000F86F5E9CF8B2244002D53F8864B84F40
24460,03/05/2024 14:52:41,63.44057,10.349576,0101000020E6100000D8EE1EA0FBB22440A2CC069964B84F40
24459,03/05/2024 14:52:54,63.440638,10.349832,0101000020E610000044300E2E1DB32440FBAF73D366B84F40
24458,03/05/2024 14:52:55,63.440644,10.349849,0101000020E61000009C137B681FB32440DD96C80567B84F40
24457,03/05/2024 14:52:56,63.440649,10.349866,0101000020E6100000F4F6E7A221B32440EF01BA2F67B84F40
24456,03/05/2024 14:52:57,63.440656,10.349884,0101000020E61000008EC9E2FE23B32440A164726A67B84F40
24455,03/05/2024 14:52:58,63.44066,10.349904,0101000020E6100000AA7AF99D26B32440E253008C67B84F40
24454,03/05/2024 14:52:59,63.440667,10.349923,0101000020E6100000853C821B29B3244095B6B8C667B84F40
24453,03/05/2024 14:53:01,63.440672,10.349944,0101000020E6100000E3DC26DC2BB32440A721AAF067B84F40
24452,03/05/2024 14:53:02,63.440677,10.349964,0101000020E6100000008E3D7B2EB32440B88C9B1A68B84F40
24451,03/05/2024 14:53:03,63.440682,10.349984,0101000020E61000001C3F541A31B32440CAF78C4468B84F40
24450,03/05/2024 14:53:04,63.440687,10.350005,0101000020E61000007ADFF8DA33B32440DC627E6E68B84F40
24449,03/05/2024 14:53:05,63.440691,10.350028,0101000020E61000005B5EB9DE36B324401D520C9068B84F40
24448,03/05/2024 14:53:06,63.440703,10.350081,0101000020E6100000E6E61BD13DB32440E21FB6F468B84F40
24447,03/05/2024 14:53:07,63.44071,10.35011,0101000020E61000004F01309E41B3244094826E2F69B84F40
24446,03/05/2024 14:53:08,63.440719,10.350143,0101000020E6100000BED87BF145B32440E7DCED7A69B84F40
24445,03/05/2024 14:53:09,63.440729,10.350179,0101000020E6100000F17D71A94AB324400BB3D0CE69B84F40
24444,03/05/2024 14:53:10,63.44074,10.350219,0101000020E61000002AE09EE74FB32440FF04172B6AB84F40
24443,03/05/2024 14:53:11,63.440751,10.350261,0101000020E6100000E620E86855B32440F3565D876AB84F40
24442,03/05/2024 14:53:12,63.440763,10.350305,0101000020E610000024404D2D5BB32440B72407EC6AB84F40
24441,03/05/2024 14:53:13,63.440772,10.350353,0101000020E6100000691CEA7761B324400A7F86376BB84F40
24440,03/05/2024 14:53:14,63.440781,10.350401,0101000020E6100000ADF886C267B324405DD905836BB84F40
24439,03/05/2024 14:53:15,63.440789,10.350451,0101000020E610000074B33F506EB32440E0B721C66BB84F40
24438,03/05/2024 14:53:17,63.440799,10.3505,0101000020E6100000FA7E6ABC74B32440048E041A6CB84F40
24437,03/05/2024 14:53:18,63.440809,10.350548,0101000020E61000003E5B07077BB324402764E76D6CB84F40
24436,03/05/2024 14:53:19,63.440821,10.350597,0101000020E6100000C326327381B32440EC3191D26CB84F40
24435,03/05/2024 14:53:20,63.44083,10.350645,0101000020E61000000803CFBD87B324403F8C101E6DB84F40
24434,03/05/2024 14:53:21,63.440843,10.35069,0101000020E61000008811C2A38DB32440D3D51D8B6DB84F40
24433,03/05/2024 14:53:22,63.440865,10.350788,0101000020E610000093A8177C9AB32440BB79AA436EB84F40
24432,03/05/2024 14:53:23,63.440875,10.350842,0101000020E610000060200890A1B32440DF4F8D976EB84F40
24431,03/05/2024 14:53:24,63.440886,10.350899,0101000020E6100000F165A208A9B32440D3A1D3F36EB84F40
24430,03/05/2024 14:53:25,63.440898,10.350955,0101000020E610000040BCAE5FB0B32440976F7D586FB84F40
24429,03/05/2024 14:53:26,63.440911,10.351012,0101000020E6100000D10149D8B7B324402CB98AC56FB84F40
24428,03/05/2024 14:53:27,63.440924,10.351068,0101000020E61000002158552FBFB32440C002983270B84F40
24427,03/05/2024 14:53:28,63.440938,10.351129,0101000020E6100000B85A272EC7B3244025C808A870B84F40
24426,03/05/2024 14:53:29,63.440948,10.351201,0101000020E61000001EA5129ED0B32440499EEBFB70B84F40
24425,03/05/2024 14:53:30,63.44096,10.351272,0101000020E6100000430070ECD9B324400D6C956071B84F40
24424,03/05/2024 14:53:31,63.440971,10.351346,0101000020E61000002C29779FE3B3244001BEDBBC71B84F40
24423,03/05/2024 14:53:32,63.44098,10.35142,0101000020E610000015527E52EDB3244054185B0872B84F40
24422,03/05/2024 14:53:33,63.440995,10.351493,0101000020E6100000BD8BF7E3F6B3244089592F8672B84F40
24421,03/05/2024 14:53:35,63.441008,10.351567,0101000020E6100000A6B4FE9600B424401EA33CF372B84F40
24420,03/05/2024 14:53:36,63.441021,10.351643,0101000020E610000012BC218D0AB42440B3EC496073B84F40
24419,03/05/2024 14:53:37,63.441034,10.35172,0101000020E6100000C0B2D2A414B42440473657CD73B84F40
24418,03/05/2024 14:53:38,63.441046,10.351801,0101000020E61000007366BB421FB424400C04013274B84F40
24417,03/05/2024 14:53:39,63.441059,10.351881,0101000020E6100000E42A16BF29B42440A04D0E9F74B84F40
24416,03/05/2024 14:53:40,63.44107,10.351961,0101000020E610000056EF703B34B42440949F54FB74B84F40
24415,03/05/2024 14:53:41,63.441087,10.352125,0101000020E61000003F355EBA49B424406AD8EF8975B84F40
24414,03/05/2024 14:53:42,63.441095,10.352205,0101000020E6100000B1F9B83654B42440EDB60BCD75B84F40
24413,03/05/2024 14:53:43,63.441106,10.352287,0101000020E6100000A59C2FF65EB42440E108522976B84F40
24412,03/05/2024 14:53:44,63.441116,10.35237,0101000020E6100000DB2E34D769B4244004DF347D76B84F40
24411,03/05/2024 14:53:45,63.441126,10.352454,0101000020E610000053B0C6D974B4244028B517D176B84F40
24410,03/05/2024 14:53:46,63.441139,10.352537,0101000020E61000008942CBBA7FB42440BDFE243E77B84F40
24409,03/05/2024 14:53:47,63.441149,10.352622,0101000020E610000042B3EBDE8AB42440E0D4079277B84F40
24408,03/05/2024 14:53:48,63.441157,10.352709,0101000020E61000007D02284696B4244063B323D577B84F40
24407,03/05/2024 14:53:49,63.441167,10.352796,0101000020E6100000B95164ADA1B424408789062978B84F40
24406,03/05/2024 14:53:51,63.441177,10.352884,0101000020E610000036902E36ADB42440AA5FE97C78B84F40
24405,03/05/2024 14:53:52,63.441188,10.352971,0101000020E610000072DF6A9DB8B424409EB12FD978B84F40
24404,03/05/2024 14:53:53,63.441199,10.353056,0101000020E61000002A508BC1C3B424409203763579B84F40
24403,03/05/2024 14:53:54,63.44121,10.353143,0101000020E6100000669FC728CFB424408655BC9179B84F40
24402,03/05/2024 14:53:55,63.441221,10.353229,0101000020E610000060FF756EDAB424407AA702EE79B84F40
24401,03/05/2024 14:53:56,63.44123,10.353313,0101000020E6100000D8800871E5B42440CD0182397AB84F40
24400,03/05/2024 14:53:57,63.441252,10.353481,0101000020E6100000C7832D76FBB42440B5A50EF27AB84F40
24399,03/05/2024 14:53:58,63.441262,10.353564,0101000020E6100000FC15325706B52440D87BF1457BB84F40
24398,03/05/2024 14:53:59,63.441272,10.353649,0101000020E6100000B586527B11B52440FC51D4997BB84F40
24397,03/05/2024 14:54:00,63.441281,10.353736,0101000020E6100000F1D58EE21CB524404FAC53E57BB84F40
24396,03/05/2024 14:54:01,63.441289,10.353823,0101000020E61000002D25CB4928B52440D28A6F287CB84F40
24395,03/05/2024 14:54:02,63.441298,10.35391,0101000020E6100000687407B133B5244025E5EE737CB84F40
24394,03/05/2024 14:54:03,63.441307,10.353998,0101000020E6100000E5B2D1393FB52440783F6EBF7CB84F40
24393,03/05/2024 14:54:04,63.441316,10.354089,0101000020E610000027BF45274BB52440CC99ED0A7DB84F40
24392,03/05/2024 14:54:05,63.441326,10.354179,0101000020E610000027DC2BF356B52440EF6FD05E7DB84F40
24391,03/05/2024 14:54:06,63.441336,10.354272,0101000020E6100000EBC6BB2363B524401346B3B27DB84F40
24390,03/05/2024 14:54:07,63.441344,10.354364,0101000020E61000006EC2BD326FB524409524CFF57DB84F40
24389,03/05/2024 14:54:08,63.441352,10.354455,0101000020E6100000AFCE31207BB524401803EB387EB84F40
24388,03/05/2024 14:54:09,63.44136,10.354545,0101000020E6100000AFEB17EC86B524409BE1067C7EB84F40
24387,03/05/2024 14:54:10,63.441366,10.354632,0101000020E6100000EA3A545392B524407DC85BAE7EB84F40
24386,03/05/2024 14:54:11,63.441374,10.35472,0101000020E610000068791EDC9DB5244000A777F17EB84F40
24385,03/05/2024 14:54:13,63.441381,10.35481,0101000020E6100000679604A8A9B52440B309302C7FB84F40
24384,03/05/2024 14:54:14,63.441388,10.354901,0101000020E6100000A9A27895B5B52440656CE8667FB84F40
24383,03/05/2024 14:54:15,63.441396,10.354991,0101000020E6100000A9BF5E61C1B52440E84A04AA7FB84F40
24382,03/05/2024 14:54:16,63.441403,10.355082,0101000020E6100000EACBD24ECDB524409AADBCE47FB84F40
24381,03/05/2024 14:54:17,63.441419,10.355262,0101000020E6100000EA059FE6E4B52440A06AF46A80B84F40
24380,03/05/2024 14:54:18,63.441424,10.355354,0101000020E61000006D01A1F5F0B52440B2D5E59480B84F40
24379,03/05/2024 14:54:19,63.44143,10.355445,0101000020E6100000AE0D15E3FCB5244094BC3AC780B84F40
24378,03/05/2024 14:54:20,63.441437,10.355536,0101000020E6100000EF1989D008B62440471FF30181B84F40
24377,03/05/2024 14:54:21,63.441443,10.355627,0101000020E61000003126FDBD14B624402906483481B84F40
24376,03/05/2024 14:54:22,63.44145,10.355717,0101000020E61000003143E38920B62440DB68006F81B84F40
24375,03/05/2024 14:54:23,63.441458,10.355808,0101000020E6100000724F57772CB624405E471CB281B84F40
24374,03/05/2024 14:54:24,63.441463,10.3559,0101000020E6100000F54A598638B6244070B20DDC81B84F40
24373,03/05/2024 14:54:25,63.441468,10.355996,0101000020E61000007D03931B45B62440821DFF0582B84F40
24372,03/05/2024 14:54:26,63.441473,10.356091,0101000020E6100000C4CC3E8F51B624409388F02F82B84F40
24371,03/05/2024 14:54:27,63.44148,10.356189,0101000020E6100000CF6394675EB6244046EBA86A82B84F40
24370,03/05/2024 14:54:28,63.441485,10.356288,0101000020E61000001CEA77616BB6244058569A9482B84F40
24369,03/05/2024 14:54:29,63.441492,10.356386,0101000020E61000002781CD3978B624400AB952CF82B84F40
24368,03/05/2024 14:54:30,63.441499,10.356487,0101000020E6100000F7E5CC7685B62440BD1B0B0A83B84F40
24367,03/05/2024 14:54:32,63.441508,10.356594,0101000020E61000004FE61F7D93B6244010768A5583B84F40
24366,03/05/2024 14:54:33,63.441518,10.356707,0101000020E61000003082C64CA2B62440334C6DA983B84F40
24365,03/05/2024 14:54:34,63.441527,10.356826,0101000020E610000099B9C0E5B1B6244087A6ECF483B84F40
24364,03/05/2024 14:54:35,63.441538,10.356954,0101000020E61000004F5AB8ACC2B624407AF8325184B84F40
24363,03/05/2024 14:54:36,63.441563,10.357243,0101000020E61000002973F38DE8B62440D30FEA2285B84F40
24362,03/05/2024 14:54:37,63.441578,10.357406,0101000020E6100000D1C952EBFDB624400951BEA085B84F40
24361,03/05/2024 14:54:38,63.441597,10.357579,0101000020E610000007793D9814B724407F81204086B84F40
24360,03/05/2024 14:54:39,63.441616,10.357758,0101000020E6100000C5C37B0E2CB72440F6B182DF86B84F40
24359,03/05/2024 14:54:40,63.44164,10.357943,0101000020E61000000CAA0D4E44B724407F4DD6A887B84F40
24358,03/05/2024 14:54:41,63.44167,10.358133,0101000020E61000009A3C65355DB72440E9CF7EA488B84F40
24357,03/05/2024 14:54:42,63.4417,10.358332,0101000020E61000007538BA4A77B72440545227A089B84F40
24356,03/05/2024 14:54:43,63.441731,10.358538,0101000020E61000001ABFF04A92B724408F5033A48AB84F40
24355,03/05/2024 14:54:44,63.441765,10.358749,0101000020E610000006F2ECF2ADB724403BC269C18BB84F40
24354,03/05/2024 14:54:45,63.4418,10.358967,0101000020E6100000BCAFCA85CAB72440B8AF03E78CB84F40
24353,03/05/2024 14:54:46,63.441838,10.359191,0101000020E6100000FA08FCE1E7B72440A510C8258EB84F40
24352,03/05/2024 14:54:47,63.44188,10.359414,0101000020E6100000F7729F1C05B82440D4601A868FB84F40
24351,03/05/2024 14:54:48,63.441924,10.359641,0101000020E6100000FA997ADD22B82440A4A833F790B84F40
24350,03/05/2024 14:54:50,63.441968,10.359873,0101000020E6100000446D1B4641B8244073F04C6892B84F40
24349,03/05/2024 14:54:51,63.442009,10.360108,0101000020E6100000520E661360B82440D2C43BC093B84F40
24348,03/05/2024 14:54:52,63.4421,10.360586,0101000020E610000079CA6ABA9EB82440E2C798BB96B84F40
24347,03/05/2024 14:54:53,63.442148,10.360826,0101000020E6100000CE177B2FBEB82440F3FE3F4E98B84F40
24346,03/05/2024 14:54:54,63.442201,10.361068,0101000020E6100000A643A7E7DDB8244016A1D80A9AB84F40
24345,03/05/2024 14:54:55,63.442253,10.361309,0101000020E61000003D80457EFDB8244068C70DBF9BB84F40
24344,03/05/2024 14:54:56,63.442305,10.361551,0101000020E610000015AC71361DB92440BBED42739DB84F40
24343,03/05/2024 14:54:57,63.442359,10.361793,0101000020E6100000ECD79DEE3CB92440AE0B3F389FB84F40
24342,03/05/2024 14:54:58,63.442414,10.362035,0101000020E6100000C403CAA65CB9244072A59E05A1B84F40
24341,03/05/2024 14:54:59,63.44247,10.362282,0101000020E6100000E3DBBB067DB9244006BB61DBA2B84F40
24340,03/05/2024 14:55:00,63.442522,10.362528,0101000020E6100000C1C41F459DB9244058E1968FA4B84F40
24339,03/05/2024 14:55:01,63.442572,10.362775,0101000020E6100000E09C11A5BDB924400A100533A6B84F40
24338,03/05/2024 14:55:02,63.442624,10.363025,0101000020E6100000C442AD69DEB924405C363AE7A7B84F40
24337,03/05/2024 14:55:03,63.442675,10.363269,0101000020E61000001E4DF564FEB92440DEE00B93A9B84F40
24336,03/05/2024 14:55:04,63.442727,10.363512,0101000020E61000003868AF3E1EBA244031074147ABB84F40
24335,03/05/2024 14:55:05,63.442779,10.363759,0101000020E61000005740A19E3EBA2440832D76FBACB84F40
24334,03/05/2024 14:55:06,63.442829,10.364007,0101000020E6100000B70721205FBA2440355CE49EAEB84F40
24333,03/05/2024 14:55:07,63.442876,10.364258,0101000020E6100000DC9C4A0680BA244076172829B0B84F40
24332,03/05/2024 14:55:08,63.442924,10.36451,0101000020E61000004221020EA1BA2440874ECFBBB1B84F40
24331,03/05/2024 14:55:10,63.442974,10.364762,0101000020E6100000A8A5B915C2BA2440397D3D5FB3B84F40
24330,03/05/2024 14:55:11,63.443025,10.365009,0101000020E6100000C77DAB75E2BA2440BB270F0BB5B84F40
24329,03/05/2024 14:55:12,63.443073,10.365258,0101000020E61000006934B91803BB2440CC5EB69DB6B84F40
24328,03/05/2024 14:55:13,63.443121,10.365507,0101000020E61000000BEBC6BB23BB2440DD955D30B8B84F40
24327,03/05/2024 14:55:14,63.443168,10.365751,0101000020E610000066F50EB743BB24401E51A1BAB9B84F40
24326,03/05/2024 14:55:15,63.443217,10.365992,0101000020E6100000FD31AD4D63BB2440FF03AC55BBB84F40
24325,03/05/2024 14:55:16,63.443316,10.366472,0101000020E6100000A7CCCD37A2BB244092E52494BEB84F40
24324,03/05/2024 14:55:17,63.443364,10.366713,0101000020E61000003D096CCEC1BB2440A31CCC26C0B84F40
24323,03/05/2024 14:55:18,63.443414,10.366952,0101000020E61000005167EE21E1BB2440554B3ACAC1B84F40
24322,03/05/2024 14:55:19,63.443462,10.367193,0101000020E6100000E8A38CB800BC24406682E15CC3B84F40
24321,03/05/2024 14:55:20,63.443505,10.367436,0101000020E610000001BF469220BC2440654E97C5C4B84F40
24320,03/05/2024 14:55:21,63.443548,10.367681,0101000020E61000009DB81CAF40BC2440651A4D2EC6B84F40
24319,03/05/2024 14:55:22,63.443587,10.367928,0101000020E6100000BC900E0F61BC244022F77475C7B84F40
24318,03/05/2024 14:55:23,63.443627,10.368177,0101000020E61000005E471CB281BC2440B14F00C5C8B84F40
24317,03/05/2024 14:55:25,63.443664,10.368427,0101000020E610000041EDB776A2BC2440CE3461FBC9B84F40
24316,03/05/2024 14:55:26,63.443701,10.368678,0101000020E61000006682E15CC3BC2440EB19C231CBB84F40
24315,03/05/2024 14:55:27,63.443738,10.368929,0101000020E61000008B170B43E4BC244008FF2268CCB84F40
24314,03/05/2024 14:55:28,63.443774,10.36918,0101000020E6100000B0AC342905BD244055682096CDB84F40
24313,03/05/2024 14:55:29,63.443807,10.36943,0101000020E61000009352D0ED25BD2440315EF3AACEB84F40
24312,03/05/2024 14:55:30,63.443841,10.369683,0101000020E61000003BC6151747BD2440DDCF29C8CFB84F40
24311,03/05/2024 14:55:31,63.443904,10.370192,0101000020E61000004E7B4ACE89BD24402348A5D8D1B84F40
24310,03/05/2024 14:55:32,63.443935,10.370448,0101000020E6100000BABC395CABBD24405E46B1DCD2B84F40
24309,03/05/2024 14:55:33,63.443967,10.370705,0101000020E610000067EDB60BCDBD24406AC020E9D3B84F40
24308,03/05/2024 14:55:34,63.443998,10.370961,0101000020E6100000D32EA699EEBD2440A5BE2CEDD4B84F40
24307,03/05/2024 14:55:35,63.444028,10.371219,0101000020E6100000C24EB16A10BE24400F41D5E8D5B84F40
24306,03/05/2024 14:55:36,63.444057,10.371477,0101000020E6100000B06EBC3B32BE2440A9471ADCD6B84F40
24305,03/05/2024 14:55:37,63.444086,10.371737,0101000020E6100000226DE34F54BE2440444E5FCFD7B84F40
24304,03/05/2024 14:55:38,63.444113,10.371997,0101000020E6100000946B0A6476BE24403D5DDDB1D8B84F40
24303,03/05/2024 14:55:39,63.444141,10.372256,0101000020E6100000C47AA35698BE244007E8BE9CD9B84F40
24302,03/05/2024 14:55:40,63.444167,10.372515,0101000020E6100000F4893C49BABE2440317BD976DAB84F40
24301,03/05/2024 14:55:41,63.444192,10.372775,0101000020E61000006588635DDCBE244089929048DBB84F40
24300,03/05/2024 14:55:42,63.444219,10.373037,0101000020E61000005A65A6B4FEBE244083A10E2BDCB84F40
24299,03/05/2024 14:55:44,63.444245,10.373303,0101000020E610000054FF209221BF2440AC342905DDB84F40
24298,03/05/2024 14:55:45,63.444271,10.373565,0101000020E610000048DC63E943BF2440D6C743DFDDB84F40
24297,03/05/2024 14:55:46,63.444299,10.37383,0101000020E6100000018750A566BF24409F5225CADEB84F40
24296,03/05/2024 14:55:47,63.444327,10.374096,0101000020E6100000FB20CB8289BF244069DD06B5DFB84F40
24295,03/05/2024 14:55:48,63.444354,10.374365,0101000020E6100000B988EFC4ACBF244063EC8497E0B84F40
24294,03/05/2024 14:55:49,63.444409,10.374902,0101000020E6100000F468AA27F3BF24402786E464E2B84F40
24293,03/05/2024 14:55:50,63.444438,10.375168,0101000020E6100000EF02250516C02440C18C2958E3B84F40
24292,03/05/2024 14:55:51,63.444468,10.375435,0101000020E61000002A8C2D0439C024402C0FD253E4B84F40
24291,03/05/2024 14:55:52,63.444499,10.375702,0101000020E6100000651536035CC02440670DDE57E5B84F40
24290,03/05/2024 14:55:53,63.444532,10.37597,0101000020E6100000E28DCC237FC024404203B16CE6B84F40
24289,03/05/2024 14:55:54,63.444566,10.376237,0101000020E61000001E17D522A2C02440EE74E789E7B84F40
24288,03/05/2024 14:55:55,63.4446,10.376504,0101000020E610000059A0DD21C5C024409AE61DA7E8B84F40
24287,03/05/2024 14:55:56,63.444633,10.37677,0101000020E6100000533A58FFE7C0244076DCF0BBE9B84F40
24286,03/05/2024 14:55:57,63.444662,10.377039,0101000020E610000012A27C410BC1244010E335AFEAB84F40
24285,03/05/2024 14:55:59,63.444693,10.377306,0101000020E61000004D2B85402EC124404BE141B3EBB84F40
24284,03/05/2024 14:55:59,63.444725,10.377572,0101000020E610000047C5FF1D51C12440575BB1BFECB84F40
24283,03/05/2024 14:56:00,63.444757,10.377837,0101000020E61000000070ECD973C1244062D520CCEDB84F40
24282,03/05/2024 14:56:01,63.444789,10.378103,0101000020E6100000FA0967B796C124406E4F90D8EEB84F40
24281,03/05/2024 14:56:03,63.444821,10.378371,0101000020E61000007782FDD7B9C1244079C9FFE4EFB84F40
24280,03/05/2024 14:56:04,63.444851,10.378636,0101000020E6100000302DEA93DCC12440E44BA8E0F0B84F40
24279,03/05/2024 14:56:05,63.444882,10.378902,0101000020E61000002AC76471FFC124401F4AB4E4F1B84F40
24278,03/05/2024 14:56:06,63.444912,10.379168,0101000020E61000002461DF4E22C2244089CC5CE0F2B84F40
24277,03/05/2024 14:56:07,63.444943,10.379434,0101000020E61000001EFB592C45C22440C4CA68E4F3B84F40
24276,03/05/2024 14:56:08,63.445009,10.379959,0101000020E610000048A46DFC89C224407CB60E0EF6B84F40
24275,03/05/2024 14:56:09,63.445045,10.380219,0101000020E6100000BAA29410ACC22440C91F0C3CF7B84F40
24274,03/05/2024 14:56:10,63.44508,10.380478,0101000020E6100000EAB12D03CEC22440450DA661F8B84F40
24273,03/05/2024 14:56:11,63.445117,10.380737,0101000020E61000001AC1C6F5EFC2244062F20698F9B84F40
24272,03/05/2024 14:56:12,63.445152,10.380997,0101000020E61000008BBFED0912C32440DFDFA0BDFAB84F40
24271,03/05/2024 14:56:13,63.445185,10.381259,0101000020E6100000809C306134C32440BAD573D2FBB84F40
24270,03/05/2024 14:56:14,63.445216,10.381523,0101000020E6100000F7578FFB56C32440F5D37FD6FCB84F40
24269,03/05/2024 14:56:15,63.445247,10.381785,0101000020E6100000EB34D25279C3244030D28BDAFDB84F40
24268,03/05/2024 14:56:16,63.445279,10.382049,0101000020E610000063F030ED9BC324403C4CFBE6FEB84F40
24267,03/05/2024 14:56:17,63.445314,10.382305,0101000020E6100000CE31207BBDC32440B839950C00B94F40
24266,03/05/2024 14:56:18,63.445351,10.382561,0101000020E61000003A730F09DFC32440D51EF64201B94F40
24265,03/05/2024 14:56:19,63.445386,10.382822,0101000020E6100000ED60C43E01C42440520C906802B94F40
24264,03/05/2024 14:56:21,63.44542,10.383082,0101000020E61000005F5FEB5223C42440FE7DC68503B94F40
24263,03/05/2024 14:56:22,63.445453,10.383342,0101000020E6100000D05D126745C42440DA73999A04B94F40
24262,03/05/2024 14:56:23,63.445488,10.383603,0101000020E6100000834BC79C67C42440566133C005B94F40
24261,03/05/2024 14:56:24,63.445521,10.383867,0101000020E6100000FB0626378AC42440325706D506B94F40
24260,03/05/2024 14:56:25,63.445557,10.384129,0101000020E6100000EFE3688EACC424407EC0030308B94F40
24259,03/05/2024 14:56:26,63.445596,10.384384,0101000020E61000001936CAFACDC424403C9D2B4A09B94F40
24258,03/05/2024 14:56:27,63.445629,10.384641,0101000020E6100000C76647AAEFC424401893FE5E0AB94F40
24257,03/05/2024 14:56:28,63.445692,10.385146,0101000020E6100000D45E44DB31C524405E0B7A6F0CB94F40
24256,03/05/2024 14:56:29,63.44572,10.385399,0101000020E61000007CD2890453C5244028965B5A0DB94F40
24255,03/05/2024 14:56:30,63.445748,10.385652,0101000020E61000002446CF2D74C52440F2203D450EB94F40
24254,03/05/2024 14:56:31,63.445778,10.385904,0101000020E61000008ACA863595C524405DA3E5400FB94F40
24253,03/05/2024 14:56:32,63.445808,10.386156,0101000020E6100000F04E3E3DB6C52440C8258E3C10B94F40
24252,03/05/2024 14:56:33,63.445837,10.386409,0101000020E610000097C28366D7C52440622CD32F11B94F40
24251,03/05/2024 14:56:34,63.445867,10.386664,0101000020E6100000C214E5D2F8C52440CDAE7B2B12B94F40
24250,03/05/2024 14:56:35,63.445897,10.386918,0101000020E6100000AB77B81D1AC624403731242713B94F40
24249,03/05/2024 14:56:36,63.445926,10.387171,0101000020E610000053EBFD463BC62440D237691A14B94F40
24248,03/05/2024 14:56:37,63.445956,10.387424,0101000020E6100000FA5E43705CC624403CBA111615B94F40
24247,03/05/2024 14:56:38,63.445987,10.387676,0101000020E610000060E3FA777DC6244077B81D1A16B94F40
24246,03/05/2024 14:56:39,63.446022,10.387927,0101000020E61000008578245E9EC62440F4A5B73F17B94F40
24245,03/05/2024 14:56:41,63.446058,10.388175,0101000020E6100000E63FA4DFBEC62440400FB56D18B94F40
24244,03/05/2024 14:56:42,63.446094,10.388425,0101000020E6100000C9E53FA4DFC624408D78B29B19B94F40
24243,03/05/2024 14:56:43,63.446131,10.388674,0101000020E61000006B9C4D4700C72440AA5D13D21AB94F40
24242,03/05/2024 14:56:44,63.446169,10.388923,0101000020E61000000D535BEA20C7244098BED7101CB94F40
24241,03/05/2024 14:56:45,63.446208,10.389173,0101000020E6100000F0F8F6AE41C72440569BFF571DB94F40
24240,03/05/2024 14:56:46,63.446247,10.389424,0101000020E6100000158E209562C724401478279F1EB94F40
24239,03/05/2024 14:56:47,63.446291,10.38967,0101000020E6100000F27684D382C72440E3BF401020B94F40
24238,03/05/2024 14:56:48,63.446377,10.390169,0101000020E610000078D32D3BC4C72440E257ACE122B94F40
24237,03/05/2024 14:56:49,63.446422,10.390417,0101000020E6100000D89AADBCE4C72440821B295B24B94F40
24236,03/05/2024 14:56:50,63.446468,10.390659,0101000020E6100000B0C6D97404C82440F25A09DD25B94F40
24235,03/05/2024 14:56:51,63.446515,10.390901,0101000020E610000088F2052D24C8244033164D6727B94F40
24234,03/05/2024 14:56:52,63.446563,10.391142,0101000020E61000001F2FA4C343C82440444DF4F928B94F40
24233,03/05/2024 14:56:53,63.446609,10.391384,0101000020E6100000F75AD07B63C82440B48CD47B2AB94F40
24232,03/05/2024 14:56:54,63.446654,10.39163,0101000020E6100000D44334BA83C82440545051F52BB94F40
24231,03/05/2024 14:56:55,63.446695,10.391875,0101000020E6100000703D0AD7A3C82440B324404D2DB94F40
24230,03/05/2024 14:56:56,63.446739,10.392119,0101000020E6100000CB4752D2C3C82440826C59BE2EB94F40
24229,03/05/2024 14:56:57,63.446781,10.392364,0101000020E6100000674128EFE3C82440B1BCAB1E30B94F40
24228,03/05/2024 14:56:58,63.446823,10.392606,0101000020E61000003F6D54A703C92440E00CFE7E31B94F40
24227,03/05/2024 14:56:59,63.446863,10.392851,0101000020E6100000DC662AC423C924406F6589CE32B94F40
24226,03/05/2024 14:57:01,63.446903,10.393095,0101000020E6100000367172BF43C92440FDBD141E34B94F40
24225,03/05/2024 14:57:02,63.446938,10.393344,0101000020E6100000D827806264C9244079ABAE4335B94F40
24224,03/05/2024 14:57:03,63.446973,10.393595,0101000020E6100000FDBCA94885C92440F698486936B94F40
24223,03/05/2024 14:57:04,63.447005,10.393848,0101000020E6100000A530EF71A6C924400113B87537B94F40
24222,03/05/2024 14:57:05,63.447036,10.394103,0101000020E6100000CF8250DEC7C924403C11C47938B94F40
24221,03/05/2024 14:57:06,63.447093,10.39461,0101000020E6100000605969520ACA2440A0A2EA573AB94F40
24220,03/05/2024 14:57:07,63.447121,10.394862,0101000020E6100000C6DD205A2BCA24406A2DCC423BB94F40
24219,03/05/2024 14:57:08,63.447149,10.395117,0101000020E6100000F02F82C64CCA244034B8AD2D3CB94F40
24218,03/05/2024 14:57:09,63.447176,10.395374,0101000020E61000009E60FF756ECA24402EC72B103DB94F40
24217,03/05/2024 14:57:10,63.4472,10.395632,0101000020E61000008C800A4790CA2440B6627FD93DB94F40
24216,03/05/2024 14:57:11,63.447226,10.39589,0101000020E61000007BA01518B2CA2440E0F599B33EB94F40
24215,03/05/2024 14:57:12,63.447252,10.39615,0101000020E6100000EC9E3C2CD4CA24400989B48D3FB94F40
24214,03/05/2024 14:57:13,63.447277,10.396408,0101000020E6100000DBBE47FDF5CA244062A06B5F40B94F40
24213,03/05/2024 14:57:14,63.447301,10.396665,0101000020E610000088EFC4AC17CB2440EA3BBF2841B94F40
24212,03/05/2024 14:57:15,63.447325,10.396917,0101000020E6100000EF737CB438CB244073D712F241B94F40
24211,03/05/2024 14:57:16,63.447345,10.397163,0101000020E6100000CC5CE0F258CB2440BA83D89942B94F40
24210,03/05/2024 14:57:17,63.447366,10.397407,0101000020E6100000276728EE78CB2440D1AB014A43B94F40
24209,03/05/2024 14:57:18,63.447387,10.397646,0101000020E61000003BC5AA4198CB2440E9D32AFA43B94F40
24208,03/05/2024 14:57:19,63.447405,10.397879,0101000020E6100000C687D9CBB6CB24408F88299144B94F40
24207,03/05/2024 14:57:21,63.447423,10.398104,0101000020E610000046D09849D4CB2440363D282845B94F40
24206,03/05/2024 14:57:22,63.447453,10.398535,0101000020E61000006A9F8EC70CCC2440A0BFD02346B94F40
24205,03/05/2024 14:57:23,63.447467,10.398741,0101000020E61000000F26C5C727CC24400585419946B94F40
24204,03/05/2024 14:57:24,63.44748,10.398942,0101000020E61000006D00362042CC24409ACE4E0647B94F40
24203,03/05/2024 14:57:25,63.447492,10.399139,0101000020E6100000C51D6FF25BCC24405E9CF86A47B94F40
24202,03/05/2024 14:57:26,63.447503,10.399332,0101000020E6100000177E703E75CC244052EE3EC747B94F40
24201,03/05/2024 14:57:27,63.447515,10.399518,0101000020E61000009F53909F8DCC244016BCE82B48B94F40
24200,03/05/2024 14:57:28,63.447527,10.399703,0101000020E6100000E63922DFA5CC2440DA89929048B94F40
24199,03/05/2024 14:57:29,63.44754,10.399886,0101000020E6100000AB4198DBBDCC24406FD39FFD48B94F40
24198,03/05/2024 14:57:30,63.447551,10.400061,0101000020E610000063CF9ECBD4CC24406325E65949B94F40
24197,03/05/2024 14:57:31,63.447562,10.400231,0101000020E6100000D5B0DF13EBCC244057772CB649B94F40
24196,03/05/2024 14:57:32,63.447572,10.400396,0101000020E6100000FFE55AB400CD24407A4D0F0A4AB94F40
24195,03/05/2024 14:57:33,63.447581,10.400558,0101000020E6100000664D2CF015CD2440CEA78E554AB94F40
24194,03/05/2024 14:57:34,63.44759,10.400716,0101000020E6100000C6F7C5A52ACD244021020EA14AB94F40
24193,03/05/2024 14:57:35,63.447599,10.400873,0101000020E6100000E5B2D1393FCD2440745C8DEC4AB94F40
24192,03/05/2024 14:57:36,63.447608,10.401029,0101000020E6100000C37E4FAC53CD2440C7B60C384BB94F40
24191,03/05/2024 14:57:37,63.447615,10.401182,0101000020E6100000DD7C23BA67CD24407A19C5724BB94F40
24190,03/05/2024 14:57:38,63.447619,10.401333,0101000020E6100000739CDB847BCD2440BB0853944BB94F40
24189,03/05/2024 14:57:40,63.447628,10.401637,0101000020E610000023BA675DA3CD24400E63D2DF4BB94F40
24188,03/05/2024 14:57:41,63.447631,10.40179,0101000020E61000003DB83B6BB7CD24407FD6FCF84BB94F40
24187,03/05/2024 14:57:42,63.447632,10.401941,0101000020E6100000D3D7F335CBCD2440505260014CB94F40
24186,03/05/2024 14:57:44,63.44763,10.402245,0101000020E610000083F57F0EF3CD2440AF5A99F04BB94F40
24185,03/05/2024 14:57:45,63.447627,10.402398,0101000020E61000009DF3531C07CE24403EE76ED74BB94F40
24184,03/05/2024 14:57:46,63.447623,10.402553,0101000020E610000039D0436D1BCE2440FDF7E0B54BB94F40
24183,03/05/2024 14:57:47,63.44762,10.402706,0101000020E610000053CE177B2FCE24408C84B69C4BB94F40
24182,03/05/2024 14:57:48,63.447617,10.40286,0101000020E6100000ADBB79AA43CE24401A118C834BB94F40
24181,03/05/2024 14:57:49,63.447614,10.403015,0101000020E61000004A9869FB57CE2440A99D616A4BB94F40
24180,03/05/2024 14:57:50,63.44761,10.403169,0101000020E6100000A585CB2A6CCE244068AED3484BB94F40
24179,03/05/2024 14:57:51,63.447605,10.403321,0101000020E61000007D94111780CE24405643E21E4BB94F40
24178,03/05/2024 14:57:52,63.4476,10.403475,0101000020E6100000D881734694CE244044D8F0F44AB94F40
24177,03/05/2024 14:57:53,63.447596,10.40363,0101000020E6100000745E6397A8CE244003E962D34AB94F40
24176,03/05/2024 14:57:54,63.447592,10.403784,0101000020E6100000CF4BC5C6BCCE2440C2F9D4B14AB94F40
24175,03/05/2024 14:57:55,63.447589,10.403939,0101000020E61000006B28B517D1CE24405186AA984AB94F40
24174,03/05/2024 14:57:56,63.447586,10.404095,0101000020E610000049F4328AE5CE2440DF12807F4AB94F40
24173,03/05/2024 14:57:58,63.447584,10.404247,0101000020E610000021037976F9CE24403F1BB96E4AB94F40
24172,03/05/2024 14:57:59,63.447579,10.40454,0101000020E610000001D9EBDD1FCF24402DB0C7444AB94F40
24171,03/05/2024 14:58:00,63.447576,10.40468,0101000020E6100000C8B08A3732CF2440BC3C9D2B4AB94F40
24170,03/05/2024 14:58:01,63.447574,10.404818,0101000020E61000000CAA0D4E44CF24401B45D61A4AB94F40
24169,03/05/2024 14:58:02,63.447572,10.404955,0101000020E61000000FB4024356CF24407A4D0F0A4AB94F40
24168,03/05/2024 14:58:04,63.447571,10.405231,0101000020E610000097A608707ACF2440AAD1AB014AB94F40
24167,03/05/2024 14:58:05,63.447569,10.405367,0101000020E610000059C16F438CCF244009DAE4F049B94F40
24166,03/05/2024 14:58:06,63.447568,10.405502,0101000020E6100000D9EC48F59DCF2440395E81E849B94F40
24165,03/05/2024 14:58:07,63.447567,10.405636,0101000020E610000017299485AFCF244069E21DE049B94F40
24164,03/05/2024 14:58:08,63.447565,10.405769,0101000020E6100000147651F4C0CF2440C8EA56CF49B94F40
24163,03/05/2024 14:58:09,63.447564,10.405903,0101000020E610000053B29C84D2CF2440F86EF3C649B94F40
24162,03/05/2024 14:58:10,63.447563,10.406037,0101000020E610000091EEE714E4CF244027F38FBE49B94F40
24161,03/05/2024 14:58:11,63.447564,10.40617,0101000020E61000008E3BA583F5CF2440F86EF3C649B94F40
24160,03/05/2024 14:58:12,63.447565,10.406303,0101000020E61000008B8862F206D02440C8EA56CF49B94F40
24159,03/05/2024 14:58:13,63.447567,10.406436,0101000020E610000088D51F6118D0244069E21DE049B94F40
24158,03/05/2024 14:58:14,63.44757,10.406569,0101000020E61000008522DDCF29D02440DA5548F949B94F40
24157,03/05/2024 14:58:15,63.447572,10.406703,0101000020E6100000C45E28603BD024407A4D0F0A4AB94F40
24156,03/05/2024 14:58:16,63.447575,10.406837,0101000020E6100000029B73F04CD02440ECC039234AB94F40
24155,03/05/2024 14:58:17,63.447581,10.406971,0101000020E610000041D7BE805ED02440CEA78E554AB94F40
24154,03/05/2024 14:58:19,63.447583,10.407102,0101000020E6100000BB4560AC6FD024406E9F55664AB94F40
24153,03/05/2024 14:58:20,63.447587,10.407233,0101000020E610000035B401D880D02440B08EE3874AB94F40
24152,03/05/2024 14:58:21,63.447592,10.407367,0101000020E610000073F04C6892D02440C2F9D4B14AB94F40
24151,03/05/2024 14:58:22,63.447596,10.4075,0101000020E6100000703D0AD7A3D0244003E962D34AB94F40
24150,03/05/2024 14:58:23,63.4476,10.407632,0101000020E61000002C9B3924B5D0244044D8F0F44AB94F40
24149,03/05/2024 14:58:24,63.447604,10.407761,0101000020E6100000232BBF0CC6D0244086C77E164BB94F40
24148,03/05/2024 14:58:25,63.447612,10.408025,0101000020E61000009BE61DA7E8D0244009A69A594BB94F40
24147,03/05/2024 14:58:26,63.447615,10.408155,0101000020E6100000D36531B1F9D024407A19C5724BB94F40
24146,03/05/2024 14:58:27,63.447619,10.408288,0101000020E6100000D0B2EE1F0BD12440BB0853944BB94F40
24145,03/05/2024 14:58:28,63.447623,10.408418,0101000020E61000000932022A1CD12440FDF7E0B54BB94F40
24144,03/05/2024 14:58:29,63.447626,10.408549,0101000020E610000083A0A3552DD124406E6B0BCF4BB94F40
24143,03/05/2024 14:58:30,63.447631,10.408683,0101000020E6100000C2DCEEE53ED124407FD6FCF84BB94F40
24142,03/05/2024 14:58:31,63.447634,10.408814,0101000020E61000003C4B901150D12440F04927124CB94F40
24141,03/05/2024 14:58:32,63.447637,10.408944,0101000020E610000075CAA31B61D1244062BD512B4CB94F40
24140,03/05/2024 14:58:33,63.447641,10.409076,0101000020E61000003028D36872D12440A3ACDF4C4CB94F40
24139,03/05/2024 14:58:34,63.447644,10.409206,0101000020E610000069A7E67283D1244014200A664CB94F40
24138,03/05/2024 14:58:35,63.447646,10.409335,0101000020E610000060376C5B94D12440B517D1764CB94F40
24137,03/05/2024 14:58:37,63.447648,10.409466,0101000020E6100000DBA50D87A5D12440550F98874CB94F40
24136,03/05/2024 14:58:38,63.447651,10.409598,0101000020E610000096033DD4B6D12440C782C2A04CB94F40
24135,03/05/2024 14:58:39,63.447652,10.40973,0101000020E610000052616C21C8D1244097FE25A94CB94F40
24134,03/05/2024 14:58:40,63.447654,10.409862,0101000020E61000000EBF9B6ED9D1244038F6ECB94CB94F40
24133,03/05/2024 14:58:41,63.447656,10.409994,0101000020E6100000C91CCBBBEAD12440D8EDB3CA4CB94F40
24132,03/05/2024 14:58:42,63.447657,10.410127,0101000020E6100000C669882AFCD12440A96917D34CB94F40
24131,03/05/2024 14:58:43,63.447661,10.410389,0101000020E6100000BB46CB811ED22440EA58A5F44CB94F40
24130,03/05/2024 14:58:47,63.44766,10.410917,0101000020E6100000A9BD88B663D224401ADD41EC4CB94F40
24129,03/05/2024 14:58:48,63.447659,10.411047,0101000020E6100000E23C9CC074D224404961DEE34CB94F40
24128,03/05/2024 14:58:49,63.447656,10.411174,0101000020E610000056EE056685D22440D8EDB3CA4CB94F40
24127,03/05/2024 14:58:50,63.447654,10.411296,0101000020E610000084F3A96395D2244038F6ECB94CB94F40
24126,03/05/2024 14:58:51,63.447653,10.411415,0101000020E6100000ED2AA4FCA4D22440677A89B14CB94F40
24125,03/05/2024 14:58:52,63.44765,10.411528,0101000020E6100000CDC64ACCB3D22440F6065F984CB94F40
24124,03/05/2024 14:58:53,63.447648,10.411636,0101000020E610000067B62BF4C1D22440550F98874CB94F40
24123,03/05/2024 14:58:55,63.447647,10.41185,0101000020E610000017B7D100DED224408593347F4CB94F40
24122,03/05/2024 14:58:58,63.447645,10.412059,0101000020E6100000800BB265F9D22440E49B6D6E4CB94F40
24121,03/05/2024 14:58:59,63.447644,10.412162,0101000020E6100000D34ECDE506D3244014200A664CB94F40
24120,03/05/2024 14:59:00,63.447643,10.412265,0101000020E61000002592E86514D3244044A4A65D4CB94F40
24119,03/05/2024 14:59:02,63.447642,10.412468,0101000020E6100000054B75012FD32440732843554CB94F40
24118,03/05/2024 14:59:03,63.44764,10.412669,0101000020E61000006325E65949D32440D3307C444CB94F40
24117,03/05/2024 14:59:04,63.447639,10.412766,0101000020E61000002DCDAD1056D3244002B5183C4CB94F40
24116,03/05/2024 14:59:05,63.447636,10.412861,0101000020E61000007496598462D324409141EE224CB94F40
24115,03/05/2024 14:59:06,63.447634,10.412956,0101000020E6100000BB5F05F86ED32440F04927124CB94F40
24114,03/05/2024 14:59:07,63.447632,10.413051,0101000020E61000000229B16B7BD32440505260014CB94F40
24113,03/05/2024 14:59:08,63.447627,10.413148,0101000020E6100000CCD0782288D324403EE76ED74BB94F40
24112,03/05/2024 14:59:09,63.447622,10.413249,0101000020E61000009B35785F95D324402C7C7DAD4BB94F40
24111,03/05/2024 14:59:10,63.447619,10.413352,0101000020E6100000EE7893DFA2D32440BB0853944BB94F40
24110,03/05/2024 14:59:11,63.447613,10.413458,0101000020E6100000058A58C4B0D32440D921FE614BB94F40
24109,03/05/2024 14:59:12,63.447605,10.413563,0101000020E6100000DAAB8F87BED324405643E21E4BB94F40
24108,03/05/2024 14:59:13,63.447596,10.413667,0101000020E61000006EDE3829CCD3244003E962D34AB94F40
24107,03/05/2024 14:59:14,63.447586,10.413768,0101000020E61000003D433866D9D32440DF12807F4AB94F40
24106,03/05/2024 14:59:16,63.447575,10.413871,0101000020E6100000908653E6E6D32440ECC039234AB94F40
24105,03/05/2024 14:59:17,63.447564,10.413977,0101000020E6100000A69718CBF4D32440F86EF3C649B94F40
24104,03/05/2024 14:59:18,63.447554,10.414083,0101000020E6100000BDA8DDAF02D42440D498107349B94F40
24103,03/05/2024 14:59:19,63.447544,10.414189,0101000020E6100000D4B9A29410D42440B1C22D1F49B94F40
24102,03/05/2024 14:59:20,63.447533,10.414295,0101000020E6100000EACA67791ED42440BD70E7C248B94F40
24101,03/05/2024 14:59:21,63.447513,10.414508,0101000020E610000059DC7F643AD4244075C4211B48B94F40
24100,03/05/2024 14:59:22,63.447502,10.41461,0101000020E61000006A300DC347D424408272DBBE47B94F40
24099,03/05/2024 14:59:23,63.447489,10.414708,0101000020E610000075C7629B54D42440ED28CE5147B94F40
24098,03/05/2024 14:59:24,63.447477,10.414808,0101000020E6100000033DD4B661D42440295B24ED46B94F40
24097,03/05/2024 14:59:25,63.447464,10.414907,0101000020E610000050C3B7B06ED424409411178046B94F40
24096,03/05/2024 14:59:26,63.447449,10.415004,0101000020E61000001A6B7F677BD424405FD0420246B94F40
24095,03/05/2024 14:59:27,63.447432,10.415099,0101000020E610000061342BDB87D424408997A77345B94F40
24094,03/05/2024 14:59:28,63.447413,10.415192,0101000020E6100000251FBB0B94D42440126745D444B94F40
24093,03/05/2024 14:59:29,63.447397,10.415285,0101000020E6100000E9094B3CA0D424400CAA0D4E44B94F40
24092,03/05/2024 14:59:30,63.447377,10.415378,0101000020E6100000ADF4DA6CACD42440C5FD47A643B94F40
24091,03/05/2024 14:59:31,63.447357,10.415469,0101000020E6100000EF004F5AB8D424407E5182FE42B94F40
24090,03/05/2024 14:59:32,63.447336,10.415562,0101000020E6100000B3EBDE8AC4D424406729594E42B94F40
24089,03/05/2024 14:59:33,63.447315,10.415655,0101000020E610000077D66EBBD0D424404F01309E41B94F40
24088,03/05/2024 14:59:35,63.447294,10.415744,0101000020E61000003604C765DCD4244038D906EE40B94F40
24087,03/05/2024 14:59:36,63.447273,10.415834,0101000020E61000003621AD31E8D4244020B1DD3D40B94F40
24086,03/05/2024 14:59:37,63.447252,10.415924,0101000020E6100000363E93FDF3D424400989B48D3FB94F40
24085,03/05/2024 14:59:38,63.447229,10.416013,0101000020E6100000F46BEBA7FFD424405169C4CC3EB94F40
24084,03/05/2024 14:59:39,63.447205,10.4161,0101000020E610000030BB270F0BD52440C8CD70033EB94F40
24083,03/05/2024 14:59:40,63.447155,10.41627,0101000020E6100000A19C685721D52440169F02603CB94F40
24082,03/05/2024 14:59:41,63.447129,10.416356,0101000020E61000009CFC169D2CD52440ED0BE8853BB94F40
24081,03/05/2024 14:59:42,63.447102,10.416437,0101000020E61000004FB0FF3A37D52440F3FC69A33AB94F40
24080,03/05/2024 14:59:43,63.447075,10.416518,0101000020E61000000264E8D841D52440FAEDEBC039B94F40
24079,03/05/2024 14:59:44,63.447047,10.4166,0101000020E6100000F6065F984CD5244030630AD638B94F40
24078,03/05/2024 14:59:45,63.447019,10.416682,0101000020E6100000EBA9D55757D5244066D828EB37B94F40
24077,03/05/2024 14:59:46,63.44699,10.416761,0101000020E61000001B7FA2B261D52440CCD1E3F736B94F40
24076,03/05/2024 14:59:47,63.446961,10.416838,0101000020E6100000C97553CA6BD5244031CB9E0436B94F40
24075,03/05/2024 14:59:48,63.446931,10.416916,0101000020E6100000B75B920376D52440C748F60835B94F40
24074,03/05/2024 14:59:49,63.446901,10.416991,0101000020E6100000E27327D87FD524405CC64D0D34B94F40
24073,03/05/2024 14:59:50,63.446871,10.417068,0101000020E61000008F6AD8EF89D52440F143A51133B94F40
24072,03/05/2024 14:59:51,63.446841,10.417144,0101000020E6100000FC71FBE593D5244087C1FC1532B94F40
24071,03/05/2024 14:59:52,63.446813,10.41722,0101000020E610000068791EDC9DD52440BD361B2B31B94F40
24070,03/05/2024 14:59:54,63.446786,10.417296,0101000020E6100000D48041D2A7D52440C3279D4830B94F40
24069,03/05/2024 14:59:55,63.446759,10.417373,0101000020E61000008177F2E9B1D52440CA181F662FB94F40
24068,03/05/2024 14:59:56,63.446732,10.417448,0101000020E6100000AC8F87BEBBD52440D009A1832EB94F40
24067,03/05/2024 14:59:57,63.446705,10.417524,0101000020E61000001897AAB4C5D52440D6FA22A12DB94F40
24066,03/05/2024 14:59:58,63.446677,10.417599,0101000020E610000042AF3F89CFD524400C7041B62CB94F40
24065,03/05/2024 14:59:59,63.446648,10.417671,0101000020E6100000A9F92AF9D8D524407269FCC22BB94F40
24064,03/05/2024 15:00:00,63.44659,10.417808,0101000020E6100000AB0320EEEAD524403E5C72DC29B94F40
24063,03/05/2024 15:00:01,63.446559,10.417874,0101000020E610000089B2B794F3D52440035E66D828B94F40
24062,03/05/2024 15:00:02,63.446527,10.417936,0101000020E610000061A417B5FBD52440F7E3F6CB27B94F40
24061,03/05/2024 15:00:03,63.446494,10.417996,0101000020E6100000B6B75B9203D624401BEE23B726B94F40
24060,03/05/2024 15:00:04,63.44646,10.418052,0101000020E6100000060E68E90AD624406F7CED9925B94F40
24059,03/05/2024 15:00:05,63.446427,10.418107,0101000020E61000001475E61E12D6244094861A8524B94F40
24058,03/05/2024 15:00:06,63.446394,10.418157,0101000020E6100000DB2F9FAC18D62440B890477023B94F40
24057,03/05/2024 15:00:07,63.446364,10.418204,0101000020E6100000DE1CAED51ED624404D0E9F7422B94F40
24056,03/05/2024 15:00:08,63.446336,10.41825,0101000020E61000009F1A2FDD24D624408383BD8921B94F40
24055,03/05/2024 15:00:09,63.446308,10.418295,0101000020E61000001F2922C32AD62440B9F8DB9E20B94F40
24054,03/05/2024 15:00:10,63.446281,10.418343,0101000020E61000006405BF0D31D62440C0E95DBC1FB94F40
24053,03/05/2024 15:00:12,63.446251,10.418389,0101000020E61000002503401537D624405567B5C01EB94F40
24052,03/05/2024 15:00:13,63.44622,10.418435,0101000020E6100000E600C11C3DD624401A69A9BC1DB94F40
24051,03/05/2024 15:00:14,63.44619,10.418486,0101000020E6100000EFAA07CC43D62440AFE600C11CB94F40
24050,03/05/2024 15:00:15,63.446159,10.418536,0101000020E6100000B665C0594AD6244074E8F4BC1BB94F40
24049,03/05/2024 15:00:16,63.446127,10.418585,0101000020E61000003C31EBC550D62440696E85B01AB94F40
24048,03/05/2024 15:00:17,63.446095,10.41863,0101000020E6100000BC3FDEAB56D624405EF415A419B94F40
24047,03/05/2024 15:00:18,63.446033,10.418711,0101000020E61000006FF3C64961D62440E8F7FD9B17B94F40
24046,03/05/2024 15:00:19,63.445998,10.418748,0101000020E6100000E3874A2366D624406B0A647616B94F40
24045,03/05/2024 15:00:20,63.445964,10.418783,0101000020E6100000D53DB2B96AD62440BF982D5915B94F40
24044,03/05/2024 15:00:21,63.445931,10.418818,0101000020E6100000C7F319506FD62440E3A25A4414B94F40
24043,03/05/2024 15:00:22,63.445896,10.418852,0101000020E610000077BAF3C473D6244067B5C01E13B94F40
24042,03/05/2024 15:00:23,63.445863,10.418885,0101000020E6100000E6913F1878D624408BBFED0912B94F40
24041,03/05/2024 15:00:24,63.445831,10.418917,0101000020E6100000137AFD497CD6244080457EFD10B94F40
24040,03/05/2024 15:00:25,63.445802,10.418948,0101000020E610000000732D5A80D62440E63E390A10B94F40
24039,03/05/2024 15:00:26,63.445766,10.418974,0101000020E6100000A5BF97C283D6244099D53BDC0EB94F40
24038,03/05/2024 15:00:27,63.44573,10.418999,0101000020E6100000081D740987D624404C6C3EAE0DB94F40
24037,03/05/2024 15:00:29,63.445694,10.419024,0101000020E61000006C7A50508AD62440FF0241800CB94F40
24036,03/05/2024 15:00:30,63.445659,10.41905,0101000020E610000011C7BAB88DD624408315A75A0BB94F40
24035,03/05/2024 15:00:31,63.445623,10.419075,0101000020E6100000742497FF90D6244036ACA92C0AB94F40
24034,03/05/2024 15:00:32,63.445585,10.419094,0101000020E61000004FE61F7D93D62440484BE5ED08B94F40
24033,03/05/2024 15:00:33,63.44555,10.419108,0101000020E6100000E3FBE25295D62440CC5D4BC807B94F40
24032,03/05/2024 15:00:34,63.445515,10.419121,0101000020E61000003522180797D624405070B1A206B94F40
24031,03/05/2024 15:00:35,63.445479,10.419135,0101000020E6100000C937DBDC98D624400307B47405B94F40
24030,03/05/2024 15:00:36,63.445407,10.419165,0101000020E610000074417DCB9CD624406934B91803B94F40
24029,03/05/2024 15:00:37,63.445367,10.419179,0101000020E6100000085740A19ED62440DBDB2DC901B94F40
24028,03/05/2024 15:00:38,63.445328,10.41919,0101000020E6100000D89E5912A0D624401DFF058200B94F40
24027,03/05/2024 15:00:39,63.445289,10.419198,0101000020E6100000E318C91EA1D624405F22DE3AFFB84F40
24026,03/05/2024 15:00:40,63.445249,10.419205,0101000020E6100000ADA3AA09A2D62440D1C952EBFDB84F40
24025,03/05/2024 15:00:41,63.44521,10.419211,0101000020E6100000353FFED2A2D6244013ED2AA4FCB84F40
24024,03/05/2024 15:00:42,63.445171,10.419216,0101000020E61000007CEBC37AA3D624405510035DFBB84F40
24023,03/05/2024 15:00:43,63.445131,10.419223,0101000020E61000004676A565A4D62440C7B7770DFAB84F40
24022,03/05/2024 15:00:44,63.445091,10.41923,0101000020E610000010018750A5D62440395FECBDF8B84F40
24021,03/05/2024 15:00:45,63.445051,10.419236,0101000020E6100000999CDA19A6D62440AB06616EF7B84F40
24020,03/05/2024 15:00:46,63.445012,10.419242,0101000020E610000021382EE3A6D62440ED293927F6B84F40
24019,03/05/2024 15:00:47,63.444971,10.419247,0101000020E610000069E4F38AA7D624408E554ACFF4B84F40
24018,03/05/2024 15:00:48,63.444931,10.419249,0101000020E6100000EBC20FCEA7D6244000FDBE7FF3B84F40
24017,03/05/2024 15:00:49,63.444891,10.419253,0101000020E6100000F17F4754A8D6244072A43330F2B84F40
24016,03/05/2024 15:00:51,63.44485,10.419257,0101000020E6100000F73C7FDAA8D6244013D044D8F0B84F40
24015,03/05/2024 15:00:52,63.444809,10.419262,0101000020E61000003EE94482A9D62440B5FB5580EFB84F40
24014,03/05/2024 15:00:53,63.44477,10.419266,0101000020E610000044A67C08AAD62440F71E2E39EEB84F40
24013,03/05/2024 15:00:54,63.444732,10.41927,0101000020E61000004963B48EAAD6244009BE69FAECB84F40
24012,03/05/2024 15:00:55,63.444661,10.419274,0101000020E61000004F20EC14ABD624404067D2A6EAB84F40
24011,03/05/2024 15:00:56,63.444625,10.419277,0101000020E610000013EE9579ABD62440F3FDD478E9B84F40
24010,03/05/2024 15:00:57,63.444591,10.419282,0101000020E61000005A9A5B21ACD62440478C9E5BE8B84F40
24009,03/05/2024 15:00:58,63.444557,10.419289,0101000020E610000024253D0CADD624409B1A683EE7B84F40
24008,03/05/2024 15:00:59,63.444525,10.419297,0101000020E6100000309FAC18AED6244090A0F831E6B84F40
24007,03/05/2024 15:01:00,63.444495,10.419305,0101000020E61000003B191C25AFD62440251E5036E5B84F40
24006,03/05/2024 15:01:01,63.444465,10.419313,0101000020E610000046938B31B0D62440BA9BA73AE4B84F40
24005,03/05/2024 15:01:02,63.444436,10.419321,0101000020E6100000520DFB3DB1D6244020956247E3B84F40
24004,03/05/2024 15:01:03,63.444408,10.41933,0101000020E61000009E76F86BB2D62440560A815CE2B84F40
24003,03/05/2024 15:01:04,63.44438,10.419337,0101000020E61000006801DA56B3D624408C7F9F71E1B84F40
24002,03/05/2024 15:01:05,63.444354,10.419344,0101000020E6100000328CBB41B4D6244063EC8497E0B84F40
24001,03/05/2024 15:01:06,63.444329,10.419349,0101000020E61000007A3881E9B4D624400AD5CDC5DFB84F40
24000,03/05/2024 15:01:07,63.444305,10.419355,0101000020E610000002D4D4B2B5D6244082397AFCDEB84F40
23999,03/05/2024 15:01:09,63.444283,10.419361,0101000020E61000008B6F287CB6D624409A95ED43DEB84F40
23998,03/05/2024 15:01:10,63.444261,10.419366,0101000020E6100000D21BEE23B7D62440B2F1608BDDB84F40
23997,03/05/2024 15:01:11,63.444238,10.41937,0101000020E6100000D7D825AAB7D62440FAD170CADCB84F40
23996,03/05/2024 15:01:12,63.444217,10.419376,0101000020E610000060747973B8D62440E2A9471ADCB84F40
23995,03/05/2024 15:01:13,63.444197,10.419381,0101000020E6100000A7203F1BB9D624409BFD8172DBB84F40
23994,03/05/2024 15:01:14,63.444178,10.419385,0101000020E6100000ADDD76A1B9D6244024CD1FD3DAB84F40
23993,03/05/2024 15:01:15,63.444139,10.419388,0101000020E610000071AB2006BAD6244067F0F78BD9B84F40
23992,03/05/2024 15:01:16,63.444121,10.419389,0101000020E6100000B29AAE27BAD62440C03BF9F4D8B84F40
23991,03/05/2024 15:01:17,63.444104,10.419392,0101000020E61000007768588CBAD62440EA025E66D8B84F40
23990,03/05/2024 15:01:18,63.444087,10.419396,0101000020E61000007C259012BBD6244014CAC2D7D7B84F40
23989,03/05/2024 15:01:19,63.444072,10.419402,0101000020E610000005C1E3DBBBD62440DF88EE59D7B84F40
23988,03/05/2024 15:01:20,63.444056,10.419396,0101000020E61000007C259012BBD62440D9CBB6D3D6B84F40
23987,03/05/2024 15:01:21,63.44404,10.419397,0101000020E6100000BE141E34BBD62440D30E7F4DD6B84F40
23986,03/05/2024 15:01:22,63.444026,10.4194,0101000020E610000082E2C798BBD624406E490ED8D5B84F40
23985,03/05/2024 15:01:23,63.444012,10.419398,0101000020E6100000FF03AC55BBD6244009849D62D5B84F40
23984,03/05/2024 15:01:56,63.443696,10.419347,0101000020E6100000F75965A6B4D62440D9AED007CBB84F40
23983,03/05/2024 15:01:57,63.443688,10.419346,0101000020E6100000B56AD784B4D6244056D0B4C4CAB84F40
23982,03/05/2024 15:01:58,63.443683,10.419345,0101000020E6100000747B4963B4D624404565C39ACAB84F40
23981,03/05/2024 15:01:59,63.443675,10.419344,0101000020E6100000328CBB41B4D62440C286A757CAB84F40
23980,03/05/2024 15:02:00,63.443667,10.419341,0101000020E61000006EBE11DDB3D624403FA88B14CAB84F40
23979,03/05/2024 15:02:01,63.443662,10.419339,0101000020E6100000EBDFF599B3D624402D3D9AEAC9B84F40
23978,03/05/2024 15:02:02,63.443657,10.419335,0101000020E6100000E622BE13B3D624401BD2A8C0C9B84F40
23977,03/05/2024 15:02:04,63.443647,10.419332,0101000020E6100000215514AFB2D62440F8FBC56CC9B84F40
23976,03/05/2024 15:02:06,63.44364,10.419329,0101000020E61000005D876A4AB2D6244045990D32C9B84F40
23975,03/05/2024 15:02:07,63.443636,10.419324,0101000020E610000016DBA4A2B1D6244004AA7F10C9B84F40
23974,03/05/2024 15:02:08,63.443628,10.41932,0101000020E6100000101E6D1CB1D6244081CB63CDC8B84F40
23973,03/05/2024 15:02:09,63.443621,10.419315,0101000020E6100000C971A774B0D62440CF68AB92C8B84F40
23972,03/05/2024 15:02:10,63.443612,10.419309,0101000020E610000041D653ABAFD624407B0E2C47C8B84F40
23971,03/05/2024 15:02:11,63.443601,10.419301,0101000020E6100000355CE49EAED6244087BCE5EAC7B84F40
23970,03/05/2024 15:02:12,63.443577,10.419285,0101000020E61000001F680586ACD62440FF209221C7B84F40
23969,03/05/2024 15:02:13,63.443567,10.419277,0101000020E610000013EE9579ABD62440DB4AAFCDC6B84F40
23968,03/05/2024 15:02:14,63.443555,10.419271,0101000020E61000008B5242B0AAD62440177D0569C6B84F40
23967,03/05/2024 15:02:15,63.443543,10.419267,0101000020E610000085950A2AAAD6244053AF5B04C6B84F40
23966,03/05/2024 15:02:16,63.443529,10.419262,0101000020E61000003EE94482A9D62440EEE9EA8EC5B84F40
23965,03/05/2024 15:02:17,63.443517,10.419258,0101000020E6100000382C0DFCA8D624402A1C412AC5B84F40
23964,03/05/2024 15:02:18,63.443505,10.419254,0101000020E6100000326FD575A8D62440654E97C5C4B84F40
23963,03/05/2024 15:02:19,63.443492,10.419248,0101000020E6100000AAD381ACA7D62440D1048A58C4B84F40
23962,03/05/2024 15:02:20,63.443481,10.419239,0101000020E61000005D6A847EA6D62440DDB243FCC3B84F40
23961,03/05/2024 15:02:21,63.443468,10.419232,0101000020E610000093DFA293A5D624404869368FC3B84F40
23960,03/05/2024 15:02:22,63.443456,10.419226,0101000020E61000000B444FCAA4D62440849B8C2AC3B84F40
23959,03/05/2024 15:02:24,63.443443,10.41922,0101000020E610000082A8FB00A4D62440EF517FBDC2B84F40
23958,03/05/2024 15:02:25,63.44343,10.419205,0101000020E6100000ADA3AA09A2D624405B087250C2B84F40
23957,03/05/2024 15:02:26,63.443417,10.419194,0101000020E6100000DD5B9198A0D62440C6BE64E3C1B84F40
23956,03/05/2024 15:02:27,63.443405,10.419183,0101000020E61000000E1478279FD6244002F1BA7EC1B84F40
23955,03/05/2024 15:02:28,63.443392,10.419173,0101000020E61000007FBBECD79DD624406DA7AD11C1B84F40
23954,03/05/2024 15:02:29,63.443377,10.419169,0101000020E61000007AFEB4519DD624403866D993C0B84F40
23953,03/05/2024 15:02:30,63.443361,10.419167,0101000020E6100000F71F990E9DD6244032A9A10DC0B84F40
23952,03/05/2024 15:02:31,63.443338,10.419147,0101000020E6100000DA6E826F9AD624407A89B14CBFB84F40
23951,03/05/2024 15:02:32,63.443325,10.419145,0101000020E61000005890662C9AD62440E53FA4DFBEB84F40
23950,03/05/2024 15:02:33,63.443312,10.419143,0101000020E6100000D5B14AE999D6244051F69672BEB84F40
23949,03/05/2024 15:02:34,63.443299,10.419142,0101000020E610000093C2BCC799D62440BCAC8905BEB84F40
23948,03/05/2024 15:02:35,63.443286,10.41914,0101000020E610000010E4A08499D6244028637C98BDB84F40
23947,03/05/2024 15:02:36,63.443274,10.419132,0101000020E6100000056A317898D624406395D233BDB84F40
23946,03/05/2024 15:02:37,63.443263,10.419121,0101000020E61000003522180797D624406F438CD7BCB84F40
23945,03/05/2024 15:02:38,63.443247,10.419116,0101000020E6100000EE75525F96D624406A865451BCB84F40
23944,03/05/2024 15:02:39,63.443231,10.419111,0101000020E6100000A7C98CB795D6244064C91CCBBBB84F40
23943,03/05/2024 15:02:40,63.443221,10.419106,0101000020E6100000601DC70F95D6244040F33977BBB84F40
23942,03/05/2024 15:02:41,63.443209,10.419104,0101000020E6100000DD3EABCC94D624407C259012BBB84F40
23941,03/05/2024 15:02:43,63.4432,10.419103,0101000020E61000009C4F1DAB94D6244029CB10C7BAB84F40
23940,03/05/2024 15:02:44,63.443189,10.4191,0101000020E6100000D881734694D624403579CA6ABAB84F40
23939,03/05/2024 15:02:45,63.44318,10.419098,0101000020E610000055A3570394D62440E21E4B1FBAB84F40
23938,03/05/2024 15:02:46,63.44317,10.419095,0101000020E610000090D5AD9E93D62440BE4868CBB9B84F40
23937,03/05/2024 15:02:47,63.44316,10.419091,0101000020E61000008B18761893D624409B728577B9B84F40
23936,03/05/2024 15:02:48,63.443151,10.419087,0101000020E6100000855B3E9292D624404818062CB9B84F40
23935,03/05/2024 15:02:49,63.443134,10.419079,0101000020E61000007AE1CE8591D6244072DF6A9DB8B84F40
23934,03/05/2024 15:02:50,63.443125,10.419073,0101000020E6100000F1457BBC90D624401E85EB51B8B84F40
23933,03/05/2024 15:02:51,63.443117,10.419068,0101000020E6100000AA99B51490D624409BA6CF0EB8B84F40
23932,03/05/2024 15:02:52,63.443109,10.419063,0101000020E610000063EDEF6C8FD6244019C8B3CBB7B84F40
23931,03/05/2024 15:02:53,63.443101,10.41906,0101000020E61000009F1F46088FD6244096E99788B7B84F40
23930,03/05/2024 15:02:54,63.443094,10.419057,0101000020E6100000DA519CA38ED62440E386DF4DB7B84F40
23929,03/05/2024 15:02:55,63.443085,10.419052,0101000020E610000093A5D6FB8DD62440902C6002B7B84F40
23928,03/05/2024 15:02:56,63.443077,10.419048,0101000020E61000008EE89E758DD624400D4E44BFB6B84F40
23927,03/05/2024 15:02:57,63.443069,10.419042,0101000020E6100000054D4BAC8CD624408A6F287CB6B84F40
23926,03/05/2024 15:02:58,63.443062,10.419036,0101000020E61000007DB1F7E28BD62440D80C7041B6B84F40
23925,03/05/2024 15:02:59,63.443054,10.419031,0101000020E61000003605323B8BD62440552E54FEB5B84F40
23924,03/05/2024 15:03:00,63.443046,10.419024,0101000020E61000006C7A50508AD62440D24F38BBB5B84F40
23923,03/05/2024 15:03:01,63.443038,10.419015,0101000020E61000001F11532289D624404F711C78B5B84F40
23922,03/05/2024 15:03:03,63.44303,10.419007,0101000020E61000001397E31588D62440CD920035B5B84F40
23921,03/05/2024 15:03:04,63.443024,10.419003,0101000020E61000000EDAAB8F87D62440EAABAB02B5B84F40
23920,03/05/2024 15:03:05,63.443015,10.418997,0101000020E6100000853E58C686D6244097512CB7B4B84F40
23919,03/05/2024 15:03:06,63.443006,10.418989,0101000020E61000007AC4E8B985D6244044F7AC6BB4B84F40
23918,03/05/2024 15:03:07,63.442997,10.418981,0101000020E61000006E4A79AD84D62440F19C2D20B4B84F40
23917,03/05/2024 15:03:08,63.442987,10.418974,0101000020E6100000A5BF97C283D62440CDC64ACCB3B84F40
23916,03/05/2024 15:03:09,63.442977,10.418965,0101000020E610000058569A9482D62440AAF06778B3B84F40
23915,03/05/2024 15:03:10,63.442958,10.418948,0101000020E610000000732D5A80D6244033C005D9B2B84F40
23914,03/05/2024 15:03:11,63.442949,10.418937,0101000020E6100000302B14E97ED62440E065868DB2B84F40
23913,03/05/2024 15:03:12,63.442939,10.418929,0101000020E610000025B1A4DC7DD62440BC8FA339B2B84F40
23912,03/05/2024 15:03:13,63.442929,10.418922,0101000020E61000005B26C3F17CD6244099B9C0E5B1B84F40
23911,03/05/2024 15:03:14,63.442918,10.418914,0101000020E61000004FAC53E57BD62440A5677A89B1B84F40
23910,03/05/2024 15:03:15,63.442908,10.418905,0101000020E6100000024356B77AD6244081919735B1B84F40
23909,03/05/2024 15:03:16,63.442899,10.418898,0101000020E610000038B874CC79D624402E3718EAB0B84F40
23908,03/05/2024 15:03:17,63.442889,10.41889,0101000020E61000002D3E05C078D624400A613596B0B84F40
23907,03/05/2024 15:03:18,63.44288,10.418882,0101000020E610000022C495B377D62440B706B64AB0B84F40
23906,03/05/2024 15:03:19,63.44287,10.418875,0101000020E61000005839B4C876D624409430D3F6AFB84F40
23905,03/05/2024 15:03:20,63.442861,10.41887,0101000020E6100000118DEE2076D6244041D653ABAFB84F40
23904,03/05/2024 15:03:22,63.44285,10.418862,0101000020E610000005137F1475D624404D840D4FAFB84F40
23903,03/05/2024 15:03:23,63.442838,10.418853,0101000020E6100000B9A981E673D6244088B663EAAEB84F40
23902,03/05/2024 15:03:24,63.442828,10.418847,0101000020E6100000300E2E1D73D6244065E08096AEB84F40
23901,03/05/2024 15:03:25,63.442817,10.418839,0101000020E61000002594BE1072D62440718E3A3AAEB84F40
23900,03/05/2024 15:03:26,63.442804,10.418834,0101000020E6100000DEE7F86871D62440DC442DCDADB84F40
23899,03/05/2024 15:03:27,63.442794,10.418825,0101000020E6100000917EFB3A70D62440B96E4A79ADB84F40
23898,03/05/2024 15:03:28,63.442773,10.418813,0101000020E6100000804754A86ED62440A14621C9ACB84F40
23897,03/05/2024 15:03:29,63.442765,10.418804,0101000020E610000033DE567A6DD624401E680586ACB84F40
23896,03/05/2024 15:03:30,63.442755,10.418798,0101000020E6100000AA4203B16CD62440FB912232ACB84F40
23895,03/05/2024 15:03:31,63.442745,10.418792,0101000020E610000022A7AFE76BD62440D7BB3FDEABB84F40
23894,03/05/2024 15:03:32,63.442736,10.418787,0101000020E6100000DBFAE93F6BD624408461C092ABB84F40
23893,03/05/2024 15:03:33,63.442729,10.418783,0101000020E6100000D53DB2B96AD62440D2FE0758ABB84F40
23892,03/05/2024 15:03:34,63.442719,10.418778,0101000020E61000008E91EC116AD62440AE282504ABB84F40
23891,03/05/2024 15:03:35,63.442707,10.418775,0101000020E6100000CAC342AD69D62440EA5A7B9FAAB84F40
23890,03/05/2024 15:03:36,63.442697,10.41877,0101000020E610000083177D0569D62440C684984BAAB84F40
23889,03/05/2024 15:03:37,63.442685,10.418762,0101000020E6100000779D0DF967D6244002B7EEE6A9B84F40
23888,03/05/2024 15:03:38,63.442672,10.418757,0101000020E610000030F1475167D624406D6DE179A9B84F40
23887,03/05/2024 15:03:40,63.442659,10.418753,0101000020E61000002A3410CB66D62440D923D40CA9B84F40
23886,03/05/2024 15:03:41,63.442646,10.418749,0101000020E61000002577D84466D6244044DAC69FA8B84F40
23885,03/05/2024 15:03:42,63.442635,10.418745,0101000020E61000001FBAA0BE65D6244050888043A8B84F40
23884,03/05/2024 15:03:43,63.442625,10.418741,0101000020E610000019FD683865D624402DB29DEFA7B84F40
23883,03/05/2024 15:03:45,63.442606,10.418742,0101000020E61000005BECF65965D62440B6813B50A7B84F40
23882,03/05/2024 15:03:47,63.442579,10.418743,0101000020E61000009CDB847B65D62440BC72BD6DA6B84F40
23881,03/05/2024 15:03:48,63.442569,10.418744,0101000020E6100000DECA129D65D62440999CDA19A6B84F40
23880,03/05/2024 15:03:50,63.442549,10.418745,0101000020E61000001FBAA0BE65D6244052F01472A5B84F40
23879,03/05/2024 15:03:54,63.442516,10.418746,0101000020E610000060A92EE065D6244076FA415DA4B84F40
23878,03/05/2024 15:03:54,63.442505,10.418747,0101000020E6100000A298BC0166D6244082A8FB00A4B84F40
23877,03/05/2024 15:03:57,63.442482,10.41875,0101000020E61000006666666666D62440CA880B40A3B84F40
23876,03/05/2024 15:03:58,63.442471,10.418752,0101000020E6100000E94482A966D62440D636C5E3A2B84F40
23875,03/05/2024 15:04:00,63.442449,10.418754,0101000020E61000006C239EEC66D62440EE92382BA2B84F40
23874,03/05/2024 15:04:01,63.442438,10.418755,0101000020E6100000AD122C0E67D62440FA40F2CEA1B84F40
23873,03/05/2024 15:04:02,63.442427,10.418756,0101000020E6100000EF01BA2F67D6244006EFAB72A1B84F40
23872,03/05/2024 15:04:04,63.442394,10.418754,0101000020E61000006C239EEC66D624402BF9D85DA0B84F40
23871,03/05/2024 15:04:05,63.442384,10.418753,0101000020E61000002A3410CB66D624400723F609A0B84F40
23870,03/05/2024 15:04:06,63.442372,10.41875,0101000020E61000006666666666D6244043554CA59FB84F40
23869,03/05/2024 15:04:07,63.442359,10.418749,0101000020E61000002577D84466D62440AE0B3F389FB84F40
23868,03/05/2024 15:04:11,63.442313,10.418751,0101000020E6100000A855F48766D624403ECC5EB69DB84F40
23867,03/05/2024 15:04:12,63.442302,10.418752,0101000020E6100000E94482A966D624404A7A185A9DB84F40
23866,03/05/2024 15:04:13,63.44229,10.418753,0101000020E61000002A3410CB66D6244086AC6EF59CB84F40
23865,03/05/2024 15:04:14,63.442278,10.418752,0101000020E6100000E94482A966D62440C1DEC4909CB84F40
23864,03/05/2024 15:04:16,63.442267,10.418751,0101000020E6100000A855F48766D62440CD8C7E349CB84F40
23863,03/05/2024 15:04:17,63.442256,10.41875,0101000020E61000006666666666D62440DA3A38D89BB84F40
23862,03/05/2024 15:04:18,63.442244,10.418749,0101000020E61000002577D84466D62440156D8E739BB84F40
23861,03/05/2024 15:04:19,63.442231,10.418746,0101000020E610000060A92EE065D62440812381069BB84F40
23860,03/05/2024 15:04:20,63.442219,10.418742,0101000020E61000005BECF65965D62440BC55D7A19AB84F40
23859,03/05/2024 15:04:21,63.442207,10.41874,0101000020E6100000D80DDB1665D62440F8872D3D9AB84F40
23858,03/05/2024 15:04:22,63.442195,10.418736,0101000020E6100000D250A39064D6244034BA83D899B84F40
23857,03/05/2024 15:04:23,63.44217,10.418731,0101000020E61000008BA4DDE863D62440DBA2CC0699B84F40
23856,03/05/2024 15:04:24,63.442157,10.418729,0101000020E610000008C6C1A563D624404659BF9998B84F40
23855,03/05/2024 15:04:25,63.442145,10.418728,0101000020E6100000C7D6338463D62440828B153598B84F40
23854,03/05/2024 15:04:26,63.442133,10.418726,0101000020E610000044F8174163D62440BEBD6BD097B84F40
23853,03/05/2024 15:04:27,63.44212,10.418725,0101000020E610000003098A1F63D6244029745E6397B84F40
23852,03/05/2024 15:04:28,63.442108,10.418723,0101000020E6100000802A6EDC62D6244065A6B4FE96B84F40
23851,03/05/2024 15:04:29,63.442094,10.41872,0101000020E6100000BB5CC47762D6244000E1438996B84F40
23850,03/05/2024 15:04:30,63.442081,10.418717,0101000020E6100000F78E1A1362D624406B97361C96B84F40
23849,03/05/2024 15:04:31,63.442069,10.418714,0101000020E610000033C170AE61D62440A7C98CB795B84F40
23848,03/05/2024 15:04:32,63.442057,10.418709,0101000020E6100000EC14AB0661D62440E3FBE25295B84F40
23847,03/05/2024 15:04:33,63.442044,10.418706,0101000020E6100000284701A260D624404EB2D5E594B84F40
23846,03/05/2024 15:04:34,63.442031,10.418702,0101000020E6100000228AC91B60D62440BA68C87894B84F40
23845,03/05/2024 15:04:35,63.442018,10.418698,0101000020E61000001CCD91955FD62440251FBB0B94B84F40
23844,03/05/2024 15:04:36,63.442005,10.418694,0101000020E610000017105A0F5FD6244090D5AD9E93B84F40
23843,03/05/2024 15:04:38,63.441993,10.41869,0101000020E6100000115322895ED62440CC07043A93B84F40
23842,03/05/2024 15:04:39,63.44198,10.418688,0101000020E61000008E7406465ED6244037BEF6CC92B84F40
23841,03/05/2024 15:04:40,63.441967,10.418684,0101000020E610000088B7CEBF5DD62440A374E95F92B84F40
23840,03/05/2024 15:04:41,63.441954,10.418679,0101000020E6100000410B09185DD624400E2BDCF291B84F40
23839,03/05/2024 15:04:42,63.441941,10.418676,0101000020E61000007D3D5FB35CD624407AE1CE8591B84F40
23838,03/05/2024 15:04:43,63.441914,10.418671,0101000020E61000003691990B5CD6244080D250A390B84F40
23837,03/05/2024 15:04:44,63.4419,10.418668,0101000020E610000072C3EFA65BD624401B0DE02D90B84F40
23836,03/05/2024 15:04:45,63.441887,10.418665,0101000020E6100000ADF545425BD6244086C3D2C08FB84F40
23835,03/05/2024 15:04:46,63.441873,10.418662,0101000020E6100000E9279CDD5AD6244021FE614B8FB84F40
23834,03/05/2024 15:04:47,63.441859,10.418659,0101000020E6100000255AF2785AD62440BC38F1D58EB84F40
23833,03/05/2024 15:04:48,63.441845,10.418658,0101000020E6100000E36A64575AD62440577380608EB84F40
23832,03/05/2024 15:04:49,63.441832,10.418659,0101000020E6100000255AF2785AD62440C32973F38DB84F40
23831,03/05/2024 15:04:50,63.441819,10.418662,0101000020E6100000E9279CDD5AD624402EE065868DB84F40
23830,03/05/2024 15:04:51,63.441807,10.418663,0101000020E61000002A172AFF5AD624406A12BC218DB84F40
23829,03/05/2024 15:04:52,63.441794,10.418666,0101000020E6100000EFE4D3635BD62440D5C8AEB48CB84F40
23828,03/05/2024 15:04:53,63.441781,10.418668,0101000020E610000072C3EFA65BD62440417FA1478CB84F40
23827,03/05/2024 15:04:54,63.441767,10.418671,0101000020E61000003691990B5CD62440DCB930D28BB84F40
23826,03/05/2024 15:04:56,63.441754,10.418676,0101000020E61000007D3D5FB35CD62440477023658BB84F40
23825,03/05/2024 15:04:57,63.441742,10.418683,0101000020E610000047C8409E5DD6244083A279008BB84F40
23824,03/05/2024 15:04:58,63.441733,10.41869,0101000020E6100000115322895ED624403048FAB48AB84F40
23823,03/05/2024 15:04:59,63.441723,10.418696,0101000020E610000099EE75525FD624400C7217618AB84F40
23822,03/05/2024 15:05:00,63.441713,10.418704,0101000020E6100000A568E55E60D62440E99B340D8AB84F40
23821,03/05/2024 15:05:01,63.441701,10.418714,0101000020E610000033C170AE61D6244024CE8AA889B84F40
23820,03/05/2024 15:05:02,63.44168,10.418736,0101000020E6100000D250A39064D624400DA661F888B84F40
23819,03/05/2024 15:05:03,63.44167,10.418746,0101000020E610000060A92EE065D62440E9CF7EA488B84F40
23818,03/05/2024 15:05:04,63.441661,10.418756,0101000020E6100000EF01BA2F67D624409675FF5888B84F40
23817,03/05/2024 15:05:05,63.441654,10.418766,0101000020E61000007D5A457F68D62440E412471E88B84F40
23816,03/05/2024 15:05:06,63.441646,10.418778,0101000020E61000008E91EC116AD6244061342BDB87B84F40
23815,03/05/2024 15:05:07,63.441638,10.418789,0101000020E61000005ED905836BD62440DE550F9887B84F40
23814,03/05/2024 15:05:12,63.441601,10.418843,0101000020E61000002A51F69672D62440C170AE6186B84F40
23813,03/05/2024 15:05:13,63.441594,10.418853,0101000020E6100000B9A981E673D624400E0EF62686B84F40
23812,03/05/2024 15:05:14,63.441586,10.418861,0101000020E6100000C423F1F274D624408B2FDAE385B84F40
23811,03/05/2024 15:05:15,63.441578,10.418869,0101000020E6100000CF9D60FF75D624400951BEA085B84F40
23810,03/05/2024 15:05:17,63.441572,10.418878,0101000020E61000001C075E2D77D62440266A696E85B84F40
23809,03/05/2024 15:05:18,63.441565,10.41889,0101000020E61000002D3E05C078D624407407B13385B84F40
23808,03/05/2024 15:05:19,63.441558,10.418899,0101000020E61000007AA702EE79D62440C2A4F8F884B84F40
23807,03/05/2024 15:05:47,63.441439,10.419214,0101000020E6100000FA0CA837A3D62440E716BA1281B84F40
23806,03/05/2024 15:05:48,63.441436,10.419226,0101000020E61000000B444FCAA4D6244076A38FF980B84F40
23805,03/05/2024 15:05:49,63.441435,10.419238,0101000020E61000001C7BF65CA6D62440A6272CF180B84F40
23804,03/05/2024 15:05:50,63.441434,10.419248,0101000020E6100000AAD381ACA7D62440D5ABC8E880B84F40
23803,03/05/2024 15:05:51,63.441435,10.41926,0101000020E6100000BB0A293FA9D62440A6272CF180B84F40
23802,03/05/2024 15:05:52,63.441436,10.419275,0101000020E6100000900F7A36ABD6244076A38FF980B84F40
23801,03/05/2024 15:05:53,63.441435,10.419287,0101000020E6100000A14621C9ACD62440A6272CF180B84F40
23800,03/05/2024 15:05:54,63.441434,10.419295,0101000020E6100000ADC090D5ADD62440D5ABC8E880B84F40
23799,03/05/2024 15:05:55,63.441433,10.41931,0101000020E610000082C5E1CCAFD62440053065E080B84F40
23798,03/05/2024 15:05:56,63.441432,10.419325,0101000020E610000057CA32C4B1D6244035B401D880B84F40
23797,03/05/2024 15:05:58,63.441434,10.419341,0101000020E61000006EBE11DDB3D62440D5ABC8E880B84F40
23796,03/05/2024 15:05:59,63.441435,10.419353,0101000020E61000007FF5B86FB5D62440A6272CF180B84F40
23795,03/05/2024 15:06:00,63.441437,10.419367,0101000020E6100000130B7C45B7D62440471FF30181B84F40
23794,03/05/2024 15:06:01,63.441439,10.419392,0101000020E61000007768588CBAD62440E716BA1281B84F40
23793,03/05/2024 15:06:03,63.44144,10.419414,0101000020E610000016F88A6EBDD62440B8921D1B81B84F40
23792,03/05/2024 15:06:04,63.441442,10.419428,0101000020E6100000AA0D4E44BFD62440588AE42B81B84F40
23791,03/05/2024 15:06:05,63.441443,10.419441,0101000020E6100000FC3383F8C0D624402906483481B84F40
23790,03/05/2024 15:06:06,63.441446,10.419454,0101000020E61000004F5AB8ACC2D624409A79724D81B84F40
23789,03/05/2024 15:06:07,63.441448,10.419468,0101000020E6100000E36F7B82C4D624403A71395E81B84F40
23788,03/05/2024 15:06:08,63.44145,10.419481,0101000020E61000003596B036C6D62440DB68006F81B84F40
23787,03/05/2024 15:06:09,63.441453,10.419495,0101000020E6100000C9AB730CC8D624404CDC2A8881B84F40
23786,03/05/2024 15:06:10,63.441454,10.419507,0101000020E6100000DAE21A9FC9D624401D588E9081B84F40
23785,03/05/2024 15:06:11,63.441457,10.419521,0101000020E61000006EF8DD74CBD624408ECBB8A981B84F40
23784,03/05/2024 15:06:12,63.441459,10.419533,0101000020E61000007F2F8507CDD624402EC37FBA81B84F40
23783,03/05/2024 15:06:13,63.441462,10.419544,0101000020E61000004F779E78CED624409F36AAD381B84F40
23782,03/05/2024 15:07:14,63.441566,10.419738,0101000020E6100000E2C62DE6E7D624404483143C85B84F40
23781,03/05/2024 15:08:15,63.441529,10.419718,0101000020E6100000C6151747E5D62440279EB30584B84F40
23780,03/05/2024 15:09:16,63.441514,10.419777,0101000020E6100000DA39CD02EDD62440F25CDF8783B84F40
23779,03/05/2024 15:10:16,63.441528,10.419757,0101000020E6100000BD88B663EAD62440572250FD83B84F40
23778,03/05/2024 15:11:16,63.441509,10.419705,0101000020E610000073EFE192E3D62440E0F1ED5D83B84F40
23777,03/05/2024 15:12:16,63.44151,10.419711,0101000020E6100000FC8A355CE4D62440B06D516683B84F40
23776,03/05/2024 15:13:18,63.44155,10.419767,0101000020E61000004CE141B3EBD624403FC6DCB584B84F40
23775,03/05/2024 15:14:18,63.441565,10.419758,0101000020E6100000FF774485EAD624407407B13385B84F40
23774,03/05/2024 15:14:56,63.441549,10.419774,0101000020E6100000166C239EECD624406E4A79AD84B84F40
23773,03/05/2024 15:15:01,63.441542,10.41977,0101000020E610000010AFEB17ECD62440BCE7C07284B84F40
23772,03/05/2024 15:15:06,63.441532,10.419777,0101000020E6100000DA39CD02EDD624409811DE1E84B84F40
23771,03/05/2024 15:15:11,63.441525,10.419778,0101000020E61000001B295B24EDD62440E6AE25E483B84F40
23770,03/05/2024 15:15:16,63.441521,10.419763,0101000020E610000046240A2DEBD62440A4BF97C283B84F40
23769,03/05/2024 15:15:22,63.441511,10.419793,0101000020E6100000F12DAC1BEFD6244081E9B46E83B84F40
23768,03/05/2024 15:15:27,63.441509,10.419771,0101000020E6100000519E7939ECD62440E0F1ED5D83B84F40
23767,03/05/2024 15:15:32,63.441506,10.419758,0101000020E6100000FF774485EAD624406F7EC34483B84F40
23766,03/05/2024 15:15:38,63.441504,10.419746,0101000020E6100000EE409DF2E8D62440CE86FC3383B84F40
23765,03/05/2024 15:15:43,63.441497,10.419751,0101000020E610000035ED629AE9D624401C2444F982B84F40
23764,03/05/2024 15:15:48,63.44149,10.419757,0101000020E6100000BD88B663EAD6244069C18BBE82B84F40
23763,03/05/2024 15:15:53,63.441492,10.419768,0101000020E61000008DD0CFD4EBD624400AB952CF82B84F40
23762,03/05/2024 15:15:59,63.441504,10.419778,0101000020E61000001B295B24EDD62440CE86FC3383B84F40
23761,03/05/2024 15:16:04,63.441515,10.419777,0101000020E6100000DA39CD02EDD62440C2D8429083B84F40
23760,03/05/2024 15:16:09,63.44152,10.419766,0101000020E61000000AF2B391EBD62440D44334BA83B84F40
23759,03/05/2024 15:16:14,63.441533,10.419766,0101000020E61000000AF2B391EBD62440698D412784B84F40
23758,03/05/2024 15:16:20,63.441539,10.419772,0101000020E6100000938D075BECD624404B74965984B84F40
23757,03/05/2024 15:16:25,63.441539,10.419779,0101000020E61000005D18E945EDD624404B74965984B84F40
23756,03/05/2024 15:16:30,63.441538,10.419776,0101000020E6100000984A3FE1ECD624407AF8325184B84F40
23755,03/05/2024 15:16:36,63.441534,10.419771,0101000020E6100000519E7939ECD624403909A52F84B84F40
23754,03/05/2024 15:16:41,63.441538,10.419773,0101000020E6100000D47C957CECD624407AF8325184B84F40
23753,03/05/2024 15:16:46,63.441535,10.419775,0101000020E6100000575BB1BFECD624400985083884B84F40
23752,03/05/2024 15:16:51,63.441534,10.419769,0101000020E6100000CEBF5DF6EBD624403909A52F84B84F40
23751,03/05/2024 15:16:56,63.441535,10.419773,0101000020E6100000D47C957CECD624400985083884B84F40
23750,03/05/2024 15:17:02,63.441538,10.419773,0101000020E6100000D47C957CECD624407AF8325184B84F40
23749,03/05/2024 15:17:07,63.441541,10.419774,0101000020E6100000166C239EECD62440EB6B5D6A84B84F40
23748,03/05/2024 15:17:12,63.441542,10.419769,0101000020E6100000CEBF5DF6EBD62440BCE7C07284B84F40
23747,03/05/2024 15:17:17,63.441545,10.419769,0101000020E6100000CEBF5DF6EBD624402D5BEB8B84B84F40
23746,03/05/2024 15:17:23,63.441549,10.419767,0101000020E61000004CE141B3EBD624406E4A79AD84B84F40
23745,03/05/2024 15:17:28,63.441551,10.419766,0101000020E61000000AF2B391EBD624400F4240BE84B84F40
23744,03/05/2024 15:17:33,63.441555,10.41977,0101000020E610000010AFEB17ECD624405031CEDF84B84F40
23743,03/05/2024 15:17:38,63.441557,10.419774,0101000020E6100000166C239EECD62440F12895F084B84F40
23742,03/05/2024 15:17:44,63.441558,10.419776,0101000020E6100000984A3FE1ECD62440C2A4F8F884B84F40
23741,03/05/2024 15:17:49,63.441559,10.419781,0101000020E6100000E0F60489EDD6244092205C0185B84F40
23740,03/05/2024 15:17:54,63.441561,10.419786,0101000020E610000027A3CA30EED624403318231285B84F40
23739,03/05/2024 15:17:59,63.441565,10.419789,0101000020E6100000EB707495EED624407407B13385B84F40
23738,03/05/2024 15:18:05,63.441566,10.419782,0101000020E610000021E692AAEDD624404483143C85B84F40
23737,03/05/2024 15:18:10,63.441566,10.419779,0101000020E61000005D18E945EDD624404483143C85B84F40
23736,03/05/2024 15:18:15,63.441567,10.419775,0101000020E6100000575BB1BFECD6244015FF774485B84F40
23735,03/05/2024 15:18:26,63.441566,10.419767,0101000020E61000004CE141B3EBD624404483143C85B84F40
23734,03/05/2024 15:18:31,63.441563,10.419775,0101000020E6100000575BB1BFECD62440D30FEA2285B84F40
23733,03/05/2024 15:18:36,63.441561,10.419777,0101000020E6100000DA39CD02EDD624403318231285B84F40
23732,03/05/2024 15:18:41,63.44156,10.419776,0101000020E6100000984A3FE1ECD62440629CBF0985B84F40
23731,03/05/2024 15:18:46,63.441559,10.419776,0101000020E6100000984A3FE1ECD6244092205C0185B84F40
23730,03/05/2024 15:18:52,63.44156,10.419772,0101000020E6100000938D075BECD62440629CBF0985B84F40
23729,03/05/2024 15:18:57,63.441559,10.419773,0101000020E6100000D47C957CECD6244092205C0185B84F40
23728,03/05/2024 15:19:02,63.441561,10.419768,0101000020E61000008DD0CFD4EBD624403318231285B84F40
23727,03/05/2024 15:19:07,63.441562,10.419767,0101000020E61000004CE141B3EBD624400394861A85B84F40
23726,03/05/2024 15:19:13,63.441563,10.419766,0101000020E61000000AF2B391EBD62440D30FEA2285B84F40
23725,03/05/2024 15:19:18,63.441565,10.419765,0101000020E6100000C9022670EBD624407407B13385B84F40
23724,03/05/2024 15:19:23,63.441566,10.419762,0101000020E610000005357C0BEBD624404483143C85B84F40
23723,03/05/2024 15:19:28,63.441567,10.419763,0101000020E610000046240A2DEBD6244015FF774485B84F40
23722,03/05/2024 15:19:34,63.44157,10.419765,0101000020E6100000C9022670EBD624408672A25D85B84F40
23721,03/05/2024 15:19:39,63.441574,10.419765,0101000020E6100000C9022670EBD62440C761307F85B84F40
23720,03/05/2024 15:19:44,63.441573,10.419763,0101000020E610000046240A2DEBD62440F7E5CC7685B84F40
23719,03/05/2024 15:19:49,63.441569,10.419751,0101000020E610000035ED629AE9D62440B5F63E5585B84F40
23718,03/05/2024 15:19:55,63.441568,10.41974,0101000020E610000065A54929E8D62440E57ADB4C85B84F40
23717,03/05/2024 15:20:00,63.441565,10.419733,0101000020E61000009B1A683EE7D624407407B13385B84F40
23716,03/05/2024 15:20:05,63.441564,10.419728,0101000020E6100000546EA296E6D62440A48B4D2B85B84F40
23715,03/05/2024 15:20:10,63.441563,10.41972,0101000020E610000049F4328AE5D62440D30FEA2285B84F40
23714,03/05/2024 15:20:16,63.441565,10.419723,0101000020E61000000DC2DCEEE5D624407407B13385B84F40
23713,03/05/2024 15:20:21,63.441568,10.419728,0101000020E6100000546EA296E6D62440E57ADB4C85B84F40
23712,03/05/2024 15:20:26,63.441568,10.419732,0101000020E61000005A2BDA1CE7D62440E57ADB4C85B84F40
23711,03/05/2024 15:20:31,63.441569,10.419736,0101000020E610000060E811A3E7D62440B5F63E5585B84F40
23710,03/05/2024 15:20:37,63.441569,10.419742,0101000020E6100000E883656CE8D62440B5F63E5585B84F40
23709,03/05/2024 15:20:42,63.441568,10.41972,0101000020E610000049F4328AE5D62440E57ADB4C85B84F40
23708,03/05/2024 15:20:47,63.441567,10.41971,0101000020E6100000BB9BA73AE4D6244015FF774485B84F40
23707,03/05/2024 15:20:52,63.441567,10.419713,0101000020E61000007F69519FE4D6244015FF774485B84F40
23706,03/05/2024 15:20:58,63.441569,10.419716,0101000020E61000004337FB03E5D62440B5F63E5585B84F40
23705,03/05/2024 15:21:03,63.441567,10.419712,0101000020E61000003D7AC37DE4D6244015FF774485B84F40
23704,03/05/2024 15:21:08,63.441564,10.419707,0101000020E6100000F6CDFDD5E3D62440A48B4D2B85B84F40
23703,03/05/2024 15:21:13,63.441564,10.419709,0101000020E610000079AC1919E4D62440A48B4D2B85B84F40
23702,03/05/2024 15:21:19,63.441567,10.419714,0101000020E6100000C058DFC0E4D6244015FF774485B84F40
23701,03/05/2024 15:21:24,63.44157,10.419722,0101000020E6100000CCD24ECDE5D624408672A25D85B84F40
23700,03/05/2024 15:21:29,63.441569,10.419725,0101000020E610000090A0F831E6D62440B5F63E5585B84F40
23699,03/05/2024 15:21:35,63.441568,10.419722,0101000020E6100000CCD24ECDE5D62440E57ADB4C85B84F40
23698,03/05/2024 15:21:40,63.441567,10.41972,0101000020E610000049F4328AE5D6244015FF774485B84F40
23697,03/05/2024 15:21:45,63.441568,10.419725,0101000020E610000090A0F831E6D62440E57ADB4C85B84F40
23696,03/05/2024 15:22:01,63.44157,10.419728,0101000020E6100000546EA296E6D624408672A25D85B84F40
23695,03/05/2024 15:22:06,63.441571,10.419732,0101000020E61000005A2BDA1CE7D6244056EE056685B84F40
23694,03/05/2024 15:22:27,63.441569,10.419735,0101000020E61000001EF98381E7D62440B5F63E5585B84F40
23693,03/05/2024 15:22:33,63.441569,10.419736,0101000020E610000060E811A3E7D62440B5F63E5585B84F40
23692,03/05/2024 15:22:38,63.441566,10.419732,0101000020E61000005A2BDA1CE7D624404483143C85B84F40
23691,03/05/2024 15:22:43,63.441564,10.419726,0101000020E6100000D18F8653E6D62440A48B4D2B85B84F40
23690,03/05/2024 15:22:48,63.441559,10.419707,0101000020E6100000F6CDFDD5E3D6244092205C0185B84F40
23689,03/05/2024 15:22:54,63.44155,10.419682,0101000020E61000009370218FE0D624403FC6DCB584B84F40
23688,03/05/2024 15:22:59,63.441544,10.419666,0101000020E61000007C7C4276DED624405DDF878384B84F40
23687,03/05/2024 15:23:04,63.441543,10.419664,0101000020E6100000F99D2633DED624408C63247B84B84F40
23686,03/05/2024 15:23:09,63.441545,10.419667,0101000020E6100000BD6BD097DED624402D5BEB8B84B84F40
23685,03/05/2024 15:23:15,63.441546,10.419668,0101000020E6100000FF5A5EB9DED62440FDD64E9484B84F40
23684,03/05/2024 15:23:20,63.441547,10.419669,0101000020E6100000404AECDADED62440CE52B29C84B84F40
23683,03/05/2024 15:23:30,63.441545,10.41965,0101000020E61000006588635DDCD624402D5BEB8B84B84F40
23682,03/05/2024 15:23:36,63.441545,10.419646,0101000020E610000060CB2BD7DBD624402D5BEB8B84B84F40
23681,03/05/2024 15:23:41,63.441548,10.419645,0101000020E61000001EDC9DB5DBD624409ECE15A584B84F40
23680,03/05/2024 15:23:46,63.44155,10.419638,0101000020E61000005451BCCADAD624403FC6DCB584B84F40
23679,03/05/2024 15:23:51,63.441551,10.419639,0101000020E610000096404AECDAD624400F4240BE84B84F40
23678,03/05/2024 15:24:02,63.441552,10.419644,0101000020E6100000DDEC0F94DBD62440DFBDA3C684B84F40
23677,03/05/2024 15:24:07,63.441554,10.419641,0101000020E6100000191F662FDBD6244080B56AD784B84F40
23676,03/05/2024 15:24:12,63.441555,10.419638,0101000020E61000005451BCCADAD624405031CEDF84B84F40
23675,03/05/2024 15:24:18,63.441558,10.419638,0101000020E61000005451BCCADAD62440C2A4F8F884B84F40
23674,03/05/2024 15:24:23,63.441565,10.419644,0101000020E6100000DDEC0F94DBD624407407B13385B84F40
23673,03/05/2024 15:24:28,63.441568,10.419644,0101000020E6100000DDEC0F94DBD62440E57ADB4C85B84F40
23672,03/05/2024 15:24:33,63.44157,10.41964,0101000020E6100000D72FD80DDBD624408672A25D85B84F40
23671,03/05/2024 15:24:39,63.441572,10.419636,0101000020E6100000D172A087DAD62440266A696E85B84F40
23670,03/05/2024 15:24:44,63.441573,10.419633,0101000020E61000000DA5F622DAD62440F7E5CC7685B84F40
23669,03/05/2024 15:24:49,63.441576,10.419635,0101000020E610000090831266DAD624406859F78F85B84F40
23668,03/05/2024 15:24:55,63.441575,10.419638,0101000020E61000005451BCCADAD6244098DD938785B84F40
23667,03/05/2024 15:25:00,63.441581,10.419644,0101000020E6100000DDEC0F94DBD624407AC4E8B985B84F40
23666,03/05/2024 15:25:05,63.441587,10.419644,0101000020E6100000DDEC0F94DBD624405CAB3DEC85B84F40
23665,03/05/2024 15:25:10,63.441592,10.419644,0101000020E6100000DDEC0F94DBD624406E162F1686B84F40
23664,03/05/2024 15:25:16,63.441595,10.419646,0101000020E610000060CB2BD7DBD62440DF89592F86B84F40
23663,03/05/2024 15:25:21,63.441597,10.419644,0101000020E6100000DDEC0F94DBD624407F81204086B84F40
23662,03/05/2024 15:25:26,63.441598,10.419645,0101000020E61000001EDC9DB5DBD6244050FD834886B84F40
23661,03/05/2024 15:25:31,63.4416,10.419642,0101000020E61000005A0EF450DBD62440F0F44A5986B84F40
23660,03/05/2024 15:25:42,63.441602,10.419644,0101000020E6100000DDEC0F94DBD6244091EC116A86B84F40
23659,03/05/2024 15:25:47,63.441601,10.419647,0101000020E6100000A1BAB9F8DBD62440C170AE6186B84F40
23658,03/05/2024 15:25:52,63.441599,10.419647,0101000020E6100000A1BAB9F8DBD624402079E75086B84F40
23657,03/05/2024 15:25:58,63.441597,10.419651,0101000020E6100000A777F17EDCD624407F81204086B84F40
23656,03/05/2024 15:26:03,63.441592,10.419657,0101000020E61000002F134548DDD624406E162F1686B84F40
23655,03/05/2024 15:26:08,63.441591,10.419655,0101000020E6100000AC342905DDD624409D9ACB0D86B84F40
23654,03/05/2024 15:26:14,63.441594,10.419658,0101000020E61000007102D369DDD624400E0EF62686B84F40
23653,03/05/2024 15:26:19,63.441597,10.419664,0101000020E6100000F99D2633DED624407F81204086B84F40
23652,03/05/2024 15:26:24,63.441594,10.419662,0101000020E610000076BF0AF0DDD624400E0EF62686B84F40
23651,03/05/2024 15:26:29,63.441591,10.419661,0101000020E610000035D07CCEDDD624409D9ACB0D86B84F40
23650,03/05/2024 15:26:35,63.441589,10.419665,0101000020E61000003B8DB454DED62440FDA204FD85B84F40
23649,03/05/2024 15:26:40,63.441587,10.419667,0101000020E6100000BD6BD097DED624405CAB3DEC85B84F40
23648,03/05/2024 15:26:45,63.441586,10.419671,0101000020E6100000C328081EDFD624408B2FDAE385B84F40
23647,03/05/2024 15:26:50,63.441586,10.419677,0101000020E61000004CC45BE7DFD624408B2FDAE385B84F40
23646,03/05/2024 15:26:56,63.441585,10.419683,0101000020E6100000D45FAFB0E0D62440BBB376DB85B84F40
23645,03/05/2024 15:27:01,63.441586,10.419689,0101000020E61000005DFB027AE1D624408B2FDAE385B84F40
23644,03/05/2024 15:27:06,63.441584,10.419687,0101000020E6100000DA1CE736E1D62440EB3713D385B84F40
23643,03/05/2024 15:27:11,63.441581,10.419684,0101000020E6100000164F3DD2E0D624407AC4E8B985B84F40
23642,03/05/2024 15:27:27,63.441583,10.419686,0101000020E6100000982D5915E1D624401ABCAFCA85B84F40
23641,03/05/2024 15:27:32,63.441582,10.419691,0101000020E6100000E0D91EBDE1D624404A404CC285B84F40
23640,03/05/2024 15:27:38,63.441585,10.419701,0101000020E61000006E32AA0CE3D62440BBB376DB85B84F40
23639,03/05/2024 15:27:43,63.441588,10.419708,0101000020E610000038BD8BF7E3D624402C27A1F485B84F40
23638,03/05/2024 15:27:48,63.441587,10.419707,0101000020E6100000F6CDFDD5E3D624405CAB3DEC85B84F40
23637,03/05/2024 15:27:59,63.44159,10.41971,0101000020E6100000BB9BA73AE4D62440CD1E680586B84F40
23636,03/05/2024 15:28:04,63.441592,10.41971,0101000020E6100000BB9BA73AE4D624406E162F1686B84F40
23635,03/05/2024 15:28:09,63.441596,10.419715,0101000020E610000002486DE2E4D62440AF05BD3786B84F40
23634,03/05/2024 15:28:14,63.441599,10.419719,0101000020E61000000705A568E5D624402079E75086B84F40
23633,03/05/2024 15:28:20,63.441599,10.419723,0101000020E61000000DC2DCEEE5D624402079E75086B84F40
23632,03/05/2024 15:28:25,63.441601,10.419728,0101000020E6100000546EA296E6D62440C170AE6186B84F40
23631,03/05/2024 15:28:30,63.441603,10.419731,0101000020E6100000183C4CFBE6D624406268757286B84F40
23630,03/05/2024 15:28:35,63.441606,10.419732,0101000020E61000005A2BDA1CE7D62440D3DB9F8B86B84F40
23629,03/05/2024 15:28:41,63.441605,10.419731,0101000020E6100000183C4CFBE6D6244002603C8386B84F40
23628,03/05/2024 15:28:46,63.4416,10.41973,0101000020E6100000D74CBED9E6D62440F0F44A5986B84F40
23627,03/05/2024 15:28:51,63.441593,10.419729,0101000020E6100000965D30B8E6D624403E92921E86B84F40
23626,03/05/2024 15:28:56,63.441586,10.419724,0101000020E61000004EB16A10E6D624408B2FDAE385B84F40
23625,03/05/2024 15:29:02,63.441584,10.419723,0101000020E61000000DC2DCEEE5D62440EB3713D385B84F40
23624,03/05/2024 15:29:07,63.441587,10.419723,0101000020E61000000DC2DCEEE5D624405CAB3DEC85B84F40
23623,03/05/2024 15:29:12,63.441587,10.419722,0101000020E6100000CCD24ECDE5D624405CAB3DEC85B84F40
23622,03/05/2024 15:29:17,63.441589,10.419722,0101000020E6100000CCD24ECDE5D62440FDA204FD85B84F40
23621,03/05/2024 15:29:22,63.441589,10.419722,0101000020E6100000CCD24ECDE5D62440FDA204FD85B84F40
23620,03/05/2024 15:29:28,63.441587,10.419722,0101000020E6100000CCD24ECDE5D624405CAB3DEC85B84F40
23619,03/05/2024 15:29:33,63.441589,10.419723,0101000020E61000000DC2DCEEE5D62440FDA204FD85B84F40
23618,03/05/2024 15:29:44,63.441587,10.419716,0101000020E61000004337FB03E5D624405CAB3DEC85B84F40
23617,03/05/2024 15:29:49,63.441585,10.419708,0101000020E610000038BD8BF7E3D62440BBB376DB85B84F40
23616,03/05/2024 15:29:54,63.441584,10.419708,0101000020E610000038BD8BF7E3D62440EB3713D385B84F40
23615,03/05/2024 15:29:59,63.441582,10.419709,0101000020E610000079AC1919E4D624404A404CC285B84F40
